family	variant	asset_stem	source_mode	source_sheet	source_crop	processed_82x52	processed_41x26	processed_10x7	live_tga_82x52	live_tga_41x26	live_tga_10x7	format_contract	prompt_ledger	status
CBA	base	CBA	built-in image_gen fictional source-sheet crop	docs/assets/014_cannibalism/flags_imagegen/source_sheets/CBA_source_sheet.png	docs/assets/014_cannibalism/flags_imagegen/source_crops/CBA_source_crop.png	docs/assets/014_cannibalism/flags_imagegen/processed_png/82x52/CBA.png	docs/assets/014_cannibalism/flags_imagegen/processed_png/41x26/CBA.png	docs/assets/014_cannibalism/flags_imagegen/processed_png/10x7/CBA.png	gfx/flags/CBA.tga	gfx/flags/medium/CBA.tga	gfx/flags/small/CBA.tga	uncompressed 32-bit RGBA TGA; bottom-left origin; opaque alpha	docs/assets/014_cannibalism/flags_imagegen/prompts/imagegen_prompt_ledger.md	complete
CBA	communism	CBA_communism	built-in image_gen fictional source-sheet crop	docs/assets/014_cannibalism/flags_imagegen/source_sheets/CBA_source_sheet.png	docs/assets/014_cannibalism/flags_imagegen/source_crops/CBA_communism_source_crop.png	docs/assets/014_cannibalism/flags_imagegen/processed_png/82x52/CBA_communism.png	docs/assets/014_cannibalism/flags_imagegen/processed_png/41x26/CBA_communism.png	docs/assets/014_cannibalism/flags_imagegen/processed_png/10x7/CBA_communism.png	gfx/flags/CBA_communism.tga	gfx/flags/medium/CBA_communism.tga	gfx/flags/small/CBA_communism.tga	uncompressed 32-bit RGBA TGA; bottom-left origin; opaque alpha	docs/assets/014_cannibalism/flags_imagegen/prompts/imagegen_prompt_ledger.md	complete
CBA	democratic	CBA_democratic	built-in image_gen fictional source-sheet crop	docs/assets/014_cannibalism/flags_imagegen/source_sheets/CBA_source_sheet.png	docs/assets/014_cannibalism/flags_imagegen/source_crops/CBA_democratic_source_crop.png	docs/assets/014_cannibalism/flags_imagegen/processed_png/82x52/CBA_democratic.png	docs/assets/014_cannibalism/flags_imagegen/processed_png/41x26/CBA_democratic.png	docs/assets/014_cannibalism/flags_imagegen/processed_png/10x7/CBA_democratic.png	gfx/flags/CBA_democratic.tga	gfx/flags/medium/CBA_democratic.tga	gfx/flags/small/CBA_democratic.tga	uncompressed 32-bit RGBA TGA; bottom-left origin; opaque alpha	docs/assets/014_cannibalism/flags_imagegen/prompts/imagegen_prompt_ledger.md	complete
CBA	fascism	CBA_fascism	built-in image_gen fictional source-sheet crop	docs/assets/014_cannibalism/flags_imagegen/source_sheets/CBA_source_sheet.png	docs/assets/014_cannibalism/flags_imagegen/source_crops/CBA_fascism_source_crop.png	docs/assets/014_cannibalism/flags_imagegen/processed_png/82x52/CBA_fascism.png	docs/assets/014_cannibalism/flags_imagegen/processed_png/41x26/CBA_fascism.png	docs/assets/014_cannibalism/flags_imagegen/processed_png/10x7/CBA_fascism.png	gfx/flags/CBA_fascism.tga	gfx/flags/medium/CBA_fascism.tga	gfx/flags/small/CBA_fascism.tga	uncompressed 32-bit RGBA TGA; bottom-left origin; opaque alpha	docs/assets/014_cannibalism/flags_imagegen/prompts/imagegen_prompt_ledger.md	complete
CBA	neutrality	CBA_neutrality	built-in image_gen fictional source-sheet crop	docs/assets/014_cannibalism/flags_imagegen/source_sheets/CBA_source_sheet.png	docs/assets/014_cannibalism/flags_imagegen/source_crops/CBA_neutrality_source_crop.png	docs/assets/014_cannibalism/flags_imagegen/processed_png/82x52/CBA_neutrality.png	docs/assets/014_cannibalism/flags_imagegen/processed_png/41x26/CBA_neutrality.png	docs/assets/014_cannibalism/flags_imagegen/processed_png/10x7/CBA_neutrality.png	gfx/flags/CBA_neutrality.tga	gfx/flags/medium/CBA_neutrality.tga	gfx/flags/small/CBA_neutrality.tga	uncompressed 32-bit RGBA TGA; bottom-left origin; opaque alpha	docs/assets/014_cannibalism/flags_imagegen/prompts/imagegen_prompt_ledger.md	complete
CBB	base	CBB	built-in image_gen fictional source-sheet crop	docs/assets/014_cannibalism/flags_imagegen/source_sheets/CBB_source_sheet.png	docs/assets/014_cannibalism/flags_imagegen/source_crops/CBB_source_crop.png	docs/assets/014_cannibalism/flags_imagegen/processed_png/82x52/CBB.png	docs/assets/014_cannibalism/flags_imagegen/processed_png/41x26/CBB.png	docs/assets/014_cannibalism/flags_imagegen/processed_png/10x7/CBB.png	gfx/flags/CBB.tga	gfx/flags/medium/CBB.tga	gfx/flags/small/CBB.tga	uncompressed 32-bit RGBA TGA; bottom-left origin; opaque alpha	docs/assets/014_cannibalism/flags_imagegen/prompts/imagegen_prompt_ledger.md	complete
CBB	communism	CBB_communism	built-in image_gen fictional source-sheet crop	docs/assets/014_cannibalism/flags_imagegen/source_sheets/CBB_source_sheet.png	docs/assets/014_cannibalism/flags_imagegen/source_crops/CBB_communism_source_crop.png	docs/assets/014_cannibalism/flags_imagegen/processed_png/82x52/CBB_communism.png	docs/assets/014_cannibalism/flags_imagegen/processed_png/41x26/CBB_communism.png	docs/assets/014_cannibalism/flags_imagegen/processed_png/10x7/CBB_communism.png	gfx/flags/CBB_communism.tga	gfx/flags/medium/CBB_communism.tga	gfx/flags/small/CBB_communism.tga	uncompressed 32-bit RGBA TGA; bottom-left origin; opaque alpha	docs/assets/014_cannibalism/flags_imagegen/prompts/imagegen_prompt_ledger.md	complete
CBB	democratic	CBB_democratic	built-in image_gen fictional source-sheet crop	docs/assets/014_cannibalism/flags_imagegen/source_sheets/CBB_source_sheet.png	docs/assets/014_cannibalism/flags_imagegen/source_crops/CBB_democratic_source_crop.png	docs/assets/014_cannibalism/flags_imagegen/processed_png/82x52/CBB_democratic.png	docs/assets/014_cannibalism/flags_imagegen/processed_png/41x26/CBB_democratic.png	docs/assets/014_cannibalism/flags_imagegen/processed_png/10x7/CBB_democratic.png	gfx/flags/CBB_democratic.tga	gfx/flags/medium/CBB_democratic.tga	gfx/flags/small/CBB_democratic.tga	uncompressed 32-bit RGBA TGA; bottom-left origin; opaque alpha	docs/assets/014_cannibalism/flags_imagegen/prompts/imagegen_prompt_ledger.md	complete
CBB	fascism	CBB_fascism	built-in image_gen fictional source-sheet crop	docs/assets/014_cannibalism/flags_imagegen/source_sheets/CBB_source_sheet.png	docs/assets/014_cannibalism/flags_imagegen/source_crops/CBB_fascism_source_crop.png	docs/assets/014_cannibalism/flags_imagegen/processed_png/82x52/CBB_fascism.png	docs/assets/014_cannibalism/flags_imagegen/processed_png/41x26/CBB_fascism.png	docs/assets/014_cannibalism/flags_imagegen/processed_png/10x7/CBB_fascism.png	gfx/flags/CBB_fascism.tga	gfx/flags/medium/CBB_fascism.tga	gfx/flags/small/CBB_fascism.tga	uncompressed 32-bit RGBA TGA; bottom-left origin; opaque alpha	docs/assets/014_cannibalism/flags_imagegen/prompts/imagegen_prompt_ledger.md	complete
CBB	neutrality	CBB_neutrality	built-in image_gen fictional source-sheet crop	docs/assets/014_cannibalism/flags_imagegen/source_sheets/CBB_source_sheet.png	docs/assets/014_cannibalism/flags_imagegen/source_crops/CBB_neutrality_source_crop.png	docs/assets/014_cannibalism/flags_imagegen/processed_png/82x52/CBB_neutrality.png	docs/assets/014_cannibalism/flags_imagegen/processed_png/41x26/CBB_neutrality.png	docs/assets/014_cannibalism/flags_imagegen/processed_png/10x7/CBB_neutrality.png	gfx/flags/CBB_neutrality.tga	gfx/flags/medium/CBB_neutrality.tga	gfx/flags/small/CBB_neutrality.tga	uncompressed 32-bit RGBA TGA; bottom-left origin; opaque alpha	docs/assets/014_cannibalism/flags_imagegen/prompts/imagegen_prompt_ledger.md	complete
CBC	base	CBC	built-in image_gen fictional source-sheet crop	docs/assets/014_cannibalism/flags_imagegen/source_sheets/CBC_source_sheet.png	docs/assets/014_cannibalism/flags_imagegen/source_crops/CBC_source_crop.png	docs/assets/014_cannibalism/flags_imagegen/processed_png/82x52/CBC.png	docs/assets/014_cannibalism/flags_imagegen/processed_png/41x26/CBC.png	docs/assets/014_cannibalism/flags_imagegen/processed_png/10x7/CBC.png	gfx/flags/CBC.tga	gfx/flags/medium/CBC.tga	gfx/flags/small/CBC.tga	uncompressed 32-bit RGBA TGA; bottom-left origin; opaque alpha	docs/assets/014_cannibalism/flags_imagegen/prompts/imagegen_prompt_ledger.md	complete
CBC	communism	CBC_communism	built-in image_gen fictional source-sheet crop	docs/assets/014_cannibalism/flags_imagegen/source_sheets/CBC_source_sheet.png	docs/assets/014_cannibalism/flags_imagegen/source_crops/CBC_communism_source_crop.png	docs/assets/014_cannibalism/flags_imagegen/processed_png/82x52/CBC_communism.png	docs/assets/014_cannibalism/flags_imagegen/processed_png/41x26/CBC_communism.png	docs/assets/014_cannibalism/flags_imagegen/processed_png/10x7/CBC_communism.png	gfx/flags/CBC_communism.tga	gfx/flags/medium/CBC_communism.tga	gfx/flags/small/CBC_communism.tga	uncompressed 32-bit RGBA TGA; bottom-left origin; opaque alpha	docs/assets/014_cannibalism/flags_imagegen/prompts/imagegen_prompt_ledger.md	complete
CBC	democratic	CBC_democratic	built-in image_gen fictional source-sheet crop	docs/assets/014_cannibalism/flags_imagegen/source_sheets/CBC_source_sheet.png	docs/assets/014_cannibalism/flags_imagegen/source_crops/CBC_democratic_source_crop.png	docs/assets/014_cannibalism/flags_imagegen/processed_png/82x52/CBC_democratic.png	docs/assets/014_cannibalism/flags_imagegen/processed_png/41x26/CBC_democratic.png	docs/assets/014_cannibalism/flags_imagegen/processed_png/10x7/CBC_democratic.png	gfx/flags/CBC_democratic.tga	gfx/flags/medium/CBC_democratic.tga	gfx/flags/small/CBC_democratic.tga	uncompressed 32-bit RGBA TGA; bottom-left origin; opaque alpha	docs/assets/014_cannibalism/flags_imagegen/prompts/imagegen_prompt_ledger.md	complete
CBC	fascism	CBC_fascism	built-in image_gen fictional source-sheet crop	docs/assets/014_cannibalism/flags_imagegen/source_sheets/CBC_source_sheet.png	docs/assets/014_cannibalism/flags_imagegen/source_crops/CBC_fascism_source_crop.png	docs/assets/014_cannibalism/flags_imagegen/processed_png/82x52/CBC_fascism.png	docs/assets/014_cannibalism/flags_imagegen/processed_png/41x26/CBC_fascism.png	docs/assets/014_cannibalism/flags_imagegen/processed_png/10x7/CBC_fascism.png	gfx/flags/CBC_fascism.tga	gfx/flags/medium/CBC_fascism.tga	gfx/flags/small/CBC_fascism.tga	uncompressed 32-bit RGBA TGA; bottom-left origin; opaque alpha	docs/assets/014_cannibalism/flags_imagegen/prompts/imagegen_prompt_ledger.md	complete
CBC	neutrality	CBC_neutrality	built-in image_gen fictional source-sheet crop	docs/assets/014_cannibalism/flags_imagegen/source_sheets/CBC_source_sheet.png	docs/assets/014_cannibalism/flags_imagegen/source_crops/CBC_neutrality_source_crop.png	docs/assets/014_cannibalism/flags_imagegen/processed_png/82x52/CBC_neutrality.png	docs/assets/014_cannibalism/flags_imagegen/processed_png/41x26/CBC_neutrality.png	docs/assets/014_cannibalism/flags_imagegen/processed_png/10x7/CBC_neutrality.png	gfx/flags/CBC_neutrality.tga	gfx/flags/medium/CBC_neutrality.tga	gfx/flags/small/CBC_neutrality.tga	uncompressed 32-bit RGBA TGA; bottom-left origin; opaque alpha	docs/assets/014_cannibalism/flags_imagegen/prompts/imagegen_prompt_ledger.md	complete
CBD	base	CBD	built-in image_gen fictional source-sheet crop	docs/assets/014_cannibalism/flags_imagegen/source_sheets/CBD_source_sheet.png	docs/assets/014_cannibalism/flags_imagegen/source_crops/CBD_source_crop.png	docs/assets/014_cannibalism/flags_imagegen/processed_png/82x52/CBD.png	docs/assets/014_cannibalism/flags_imagegen/processed_png/41x26/CBD.png	docs/assets/014_cannibalism/flags_imagegen/processed_png/10x7/CBD.png	gfx/flags/CBD.tga	gfx/flags/medium/CBD.tga	gfx/flags/small/CBD.tga	uncompressed 32-bit RGBA TGA; bottom-left origin; opaque alpha	docs/assets/014_cannibalism/flags_imagegen/prompts/imagegen_prompt_ledger.md	complete
CBD	communism	CBD_communism	built-in image_gen fictional source-sheet crop	docs/assets/014_cannibalism/flags_imagegen/source_sheets/CBD_source_sheet.png	docs/assets/014_cannibalism/flags_imagegen/source_crops/CBD_communism_source_crop.png	docs/assets/014_cannibalism/flags_imagegen/processed_png/82x52/CBD_communism.png	docs/assets/014_cannibalism/flags_imagegen/processed_png/41x26/CBD_communism.png	docs/assets/014_cannibalism/flags_imagegen/processed_png/10x7/CBD_communism.png	gfx/flags/CBD_communism.tga	gfx/flags/medium/CBD_communism.tga	gfx/flags/small/CBD_communism.tga	uncompressed 32-bit RGBA TGA; bottom-left origin; opaque alpha	docs/assets/014_cannibalism/flags_imagegen/prompts/imagegen_prompt_ledger.md	complete
CBD	democratic	CBD_democratic	built-in image_gen fictional source-sheet crop	docs/assets/014_cannibalism/flags_imagegen/source_sheets/CBD_source_sheet.png	docs/assets/014_cannibalism/flags_imagegen/source_crops/CBD_democratic_source_crop.png	docs/assets/014_cannibalism/flags_imagegen/processed_png/82x52/CBD_democratic.png	docs/assets/014_cannibalism/flags_imagegen/processed_png/41x26/CBD_democratic.png	docs/assets/014_cannibalism/flags_imagegen/processed_png/10x7/CBD_democratic.png	gfx/flags/CBD_democratic.tga	gfx/flags/medium/CBD_democratic.tga	gfx/flags/small/CBD_democratic.tga	uncompressed 32-bit RGBA TGA; bottom-left origin; opaque alpha	docs/assets/014_cannibalism/flags_imagegen/prompts/imagegen_prompt_ledger.md	complete
CBD	fascism	CBD_fascism	built-in image_gen fictional source-sheet crop	docs/assets/014_cannibalism/flags_imagegen/source_sheets/CBD_source_sheet.png	docs/assets/014_cannibalism/flags_imagegen/source_crops/CBD_fascism_source_crop.png	docs/assets/014_cannibalism/flags_imagegen/processed_png/82x52/CBD_fascism.png	docs/assets/014_cannibalism/flags_imagegen/processed_png/41x26/CBD_fascism.png	docs/assets/014_cannibalism/flags_imagegen/processed_png/10x7/CBD_fascism.png	gfx/flags/CBD_fascism.tga	gfx/flags/medium/CBD_fascism.tga	gfx/flags/small/CBD_fascism.tga	uncompressed 32-bit RGBA TGA; bottom-left origin; opaque alpha	docs/assets/014_cannibalism/flags_imagegen/prompts/imagegen_prompt_ledger.md	complete
CBD	neutrality	CBD_neutrality	built-in image_gen fictional source-sheet crop	docs/assets/014_cannibalism/flags_imagegen/source_sheets/CBD_source_sheet.png	docs/assets/014_cannibalism/flags_imagegen/source_crops/CBD_neutrality_source_crop.png	docs/assets/014_cannibalism/flags_imagegen/processed_png/82x52/CBD_neutrality.png	docs/assets/014_cannibalism/flags_imagegen/processed_png/41x26/CBD_neutrality.png	docs/assets/014_cannibalism/flags_imagegen/processed_png/10x7/CBD_neutrality.png	gfx/flags/CBD_neutrality.tga	gfx/flags/medium/CBD_neutrality.tga	gfx/flags/small/CBD_neutrality.tga	uncompressed 32-bit RGBA TGA; bottom-left origin; opaque alpha	docs/assets/014_cannibalism/flags_imagegen/prompts/imagegen_prompt_ledger.md	complete
CBE	base	CBE	built-in image_gen fictional source-sheet crop	docs/assets/014_cannibalism/flags_imagegen/source_sheets/CBE_source_sheet.png	docs/assets/014_cannibalism/flags_imagegen/source_crops/CBE_source_crop.png	docs/assets/014_cannibalism/flags_imagegen/processed_png/82x52/CBE.png	docs/assets/014_cannibalism/flags_imagegen/processed_png/41x26/CBE.png	docs/assets/014_cannibalism/flags_imagegen/processed_png/10x7/CBE.png	gfx/flags/CBE.tga	gfx/flags/medium/CBE.tga	gfx/flags/small/CBE.tga	uncompressed 32-bit RGBA TGA; bottom-left origin; opaque alpha	docs/assets/014_cannibalism/flags_imagegen/prompts/imagegen_prompt_ledger.md	complete
CBE	communism	CBE_communism	built-in image_gen fictional source-sheet crop	docs/assets/014_cannibalism/flags_imagegen/source_sheets/CBE_source_sheet.png	docs/assets/014_cannibalism/flags_imagegen/source_crops/CBE_communism_source_crop.png	docs/assets/014_cannibalism/flags_imagegen/processed_png/82x52/CBE_communism.png	docs/assets/014_cannibalism/flags_imagegen/processed_png/41x26/CBE_communism.png	docs/assets/014_cannibalism/flags_imagegen/processed_png/10x7/CBE_communism.png	gfx/flags/CBE_communism.tga	gfx/flags/medium/CBE_communism.tga	gfx/flags/small/CBE_communism.tga	uncompressed 32-bit RGBA TGA; bottom-left origin; opaque alpha	docs/assets/014_cannibalism/flags_imagegen/prompts/imagegen_prompt_ledger.md	complete
CBE	democratic	CBE_democratic	built-in image_gen fictional source-sheet crop	docs/assets/014_cannibalism/flags_imagegen/source_sheets/CBE_source_sheet.png	docs/assets/014_cannibalism/flags_imagegen/source_crops/CBE_democratic_source_crop.png	docs/assets/014_cannibalism/flags_imagegen/processed_png/82x52/CBE_democratic.png	docs/assets/014_cannibalism/flags_imagegen/processed_png/41x26/CBE_democratic.png	docs/assets/014_cannibalism/flags_imagegen/processed_png/10x7/CBE_democratic.png	gfx/flags/CBE_democratic.tga	gfx/flags/medium/CBE_democratic.tga	gfx/flags/small/CBE_democratic.tga	uncompressed 32-bit RGBA TGA; bottom-left origin; opaque alpha	docs/assets/014_cannibalism/flags_imagegen/prompts/imagegen_prompt_ledger.md	complete
CBE	fascism	CBE_fascism	built-in image_gen fictional source-sheet crop	docs/assets/014_cannibalism/flags_imagegen/source_sheets/CBE_source_sheet.png	docs/assets/014_cannibalism/flags_imagegen/source_crops/CBE_fascism_source_crop.png	docs/assets/014_cannibalism/flags_imagegen/processed_png/82x52/CBE_fascism.png	docs/assets/014_cannibalism/flags_imagegen/processed_png/41x26/CBE_fascism.png	docs/assets/014_cannibalism/flags_imagegen/processed_png/10x7/CBE_fascism.png	gfx/flags/CBE_fascism.tga	gfx/flags/medium/CBE_fascism.tga	gfx/flags/small/CBE_fascism.tga	uncompressed 32-bit RGBA TGA; bottom-left origin; opaque alpha	docs/assets/014_cannibalism/flags_imagegen/prompts/imagegen_prompt_ledger.md	complete
CBE	neutrality	CBE_neutrality	built-in image_gen fictional source-sheet crop	docs/assets/014_cannibalism/flags_imagegen/source_sheets/CBE_source_sheet.png	docs/assets/014_cannibalism/flags_imagegen/source_crops/CBE_neutrality_source_crop.png	docs/assets/014_cannibalism/flags_imagegen/processed_png/82x52/CBE_neutrality.png	docs/assets/014_cannibalism/flags_imagegen/processed_png/41x26/CBE_neutrality.png	docs/assets/014_cannibalism/flags_imagegen/processed_png/10x7/CBE_neutrality.png	gfx/flags/CBE_neutrality.tga	gfx/flags/medium/CBE_neutrality.tga	gfx/flags/small/CBE_neutrality.tga	uncompressed 32-bit RGBA TGA; bottom-left origin; opaque alpha	docs/assets/014_cannibalism/flags_imagegen/prompts/imagegen_prompt_ledger.md	complete
CBF	base	CBF	built-in image_gen fictional source-sheet crop	docs/assets/014_cannibalism/flags_imagegen/source_sheets/CBF_source_sheet.png	docs/assets/014_cannibalism/flags_imagegen/source_crops/CBF_source_crop.png	docs/assets/014_cannibalism/flags_imagegen/processed_png/82x52/CBF.png	docs/assets/014_cannibalism/flags_imagegen/processed_png/41x26/CBF.png	docs/assets/014_cannibalism/flags_imagegen/processed_png/10x7/CBF.png	gfx/flags/CBF.tga	gfx/flags/medium/CBF.tga	gfx/flags/small/CBF.tga	uncompressed 32-bit RGBA TGA; bottom-left origin; opaque alpha	docs/assets/014_cannibalism/flags_imagegen/prompts/imagegen_prompt_ledger.md	complete
CBF	communism	CBF_communism	built-in image_gen fictional source-sheet crop	docs/assets/014_cannibalism/flags_imagegen/source_sheets/CBF_source_sheet.png	docs/assets/014_cannibalism/flags_imagegen/source_crops/CBF_communism_source_crop.png	docs/assets/014_cannibalism/flags_imagegen/processed_png/82x52/CBF_communism.png	docs/assets/014_cannibalism/flags_imagegen/processed_png/41x26/CBF_communism.png	docs/assets/014_cannibalism/flags_imagegen/processed_png/10x7/CBF_communism.png	gfx/flags/CBF_communism.tga	gfx/flags/medium/CBF_communism.tga	gfx/flags/small/CBF_communism.tga	uncompressed 32-bit RGBA TGA; bottom-left origin; opaque alpha	docs/assets/014_cannibalism/flags_imagegen/prompts/imagegen_prompt_ledger.md	complete
CBF	democratic	CBF_democratic	built-in image_gen fictional source-sheet crop	docs/assets/014_cannibalism/flags_imagegen/source_sheets/CBF_source_sheet.png	docs/assets/014_cannibalism/flags_imagegen/source_crops/CBF_democratic_source_crop.png	docs/assets/014_cannibalism/flags_imagegen/processed_png/82x52/CBF_democratic.png	docs/assets/014_cannibalism/flags_imagegen/processed_png/41x26/CBF_democratic.png	docs/assets/014_cannibalism/flags_imagegen/processed_png/10x7/CBF_democratic.png	gfx/flags/CBF_democratic.tga	gfx/flags/medium/CBF_democratic.tga	gfx/flags/small/CBF_democratic.tga	uncompressed 32-bit RGBA TGA; bottom-left origin; opaque alpha	docs/assets/014_cannibalism/flags_imagegen/prompts/imagegen_prompt_ledger.md	complete
CBF	fascism	CBF_fascism	built-in image_gen fictional source-sheet crop	docs/assets/014_cannibalism/flags_imagegen/source_sheets/CBF_source_sheet.png	docs/assets/014_cannibalism/flags_imagegen/source_crops/CBF_fascism_source_crop.png	docs/assets/014_cannibalism/flags_imagegen/processed_png/82x52/CBF_fascism.png	docs/assets/014_cannibalism/flags_imagegen/processed_png/41x26/CBF_fascism.png	docs/assets/014_cannibalism/flags_imagegen/processed_png/10x7/CBF_fascism.png	gfx/flags/CBF_fascism.tga	gfx/flags/medium/CBF_fascism.tga	gfx/flags/small/CBF_fascism.tga	uncompressed 32-bit RGBA TGA; bottom-left origin; opaque alpha	docs/assets/014_cannibalism/flags_imagegen/prompts/imagegen_prompt_ledger.md	complete
CBF	neutrality	CBF_neutrality	built-in image_gen fictional source-sheet crop	docs/assets/014_cannibalism/flags_imagegen/source_sheets/CBF_source_sheet.png	docs/assets/014_cannibalism/flags_imagegen/source_crops/CBF_neutrality_source_crop.png	docs/assets/014_cannibalism/flags_imagegen/processed_png/82x52/CBF_neutrality.png	docs/assets/014_cannibalism/flags_imagegen/processed_png/41x26/CBF_neutrality.png	docs/assets/014_cannibalism/flags_imagegen/processed_png/10x7/CBF_neutrality.png	gfx/flags/CBF_neutrality.tga	gfx/flags/medium/CBF_neutrality.tga	gfx/flags/small/CBF_neutrality.tga	uncompressed 32-bit RGBA TGA; bottom-left origin; opaque alpha	docs/assets/014_cannibalism/flags_imagegen/prompts/imagegen_prompt_ledger.md	complete
CBG	base	CBG	built-in image_gen fictional source-sheet crop	docs/assets/014_cannibalism/flags_imagegen/source_sheets/CBG_source_sheet.png	docs/assets/014_cannibalism/flags_imagegen/source_crops/CBG_source_crop.png	docs/assets/014_cannibalism/flags_imagegen/processed_png/82x52/CBG.png	docs/assets/014_cannibalism/flags_imagegen/processed_png/41x26/CBG.png	docs/assets/014_cannibalism/flags_imagegen/processed_png/10x7/CBG.png	gfx/flags/CBG.tga	gfx/flags/medium/CBG.tga	gfx/flags/small/CBG.tga	uncompressed 32-bit RGBA TGA; bottom-left origin; opaque alpha	docs/assets/014_cannibalism/flags_imagegen/prompts/imagegen_prompt_ledger.md	complete
CBG	communism	CBG_communism	built-in image_gen fictional source-sheet crop	docs/assets/014_cannibalism/flags_imagegen/source_sheets/CBG_source_sheet.png	docs/assets/014_cannibalism/flags_imagegen/source_crops/CBG_communism_source_crop.png	docs/assets/014_cannibalism/flags_imagegen/processed_png/82x52/CBG_communism.png	docs/assets/014_cannibalism/flags_imagegen/processed_png/41x26/CBG_communism.png	docs/assets/014_cannibalism/flags_imagegen/processed_png/10x7/CBG_communism.png	gfx/flags/CBG_communism.tga	gfx/flags/medium/CBG_communism.tga	gfx/flags/small/CBG_communism.tga	uncompressed 32-bit RGBA TGA; bottom-left origin; opaque alpha	docs/assets/014_cannibalism/flags_imagegen/prompts/imagegen_prompt_ledger.md	complete
CBG	democratic	CBG_democratic	built-in image_gen fictional source-sheet crop	docs/assets/014_cannibalism/flags_imagegen/source_sheets/CBG_source_sheet.png	docs/assets/014_cannibalism/flags_imagegen/source_crops/CBG_democratic_source_crop.png	docs/assets/014_cannibalism/flags_imagegen/processed_png/82x52/CBG_democratic.png	docs/assets/014_cannibalism/flags_imagegen/processed_png/41x26/CBG_democratic.png	docs/assets/014_cannibalism/flags_imagegen/processed_png/10x7/CBG_democratic.png	gfx/flags/CBG_democratic.tga	gfx/flags/medium/CBG_democratic.tga	gfx/flags/small/CBG_democratic.tga	uncompressed 32-bit RGBA TGA; bottom-left origin; opaque alpha	docs/assets/014_cannibalism/flags_imagegen/prompts/imagegen_prompt_ledger.md	complete
CBG	fascism	CBG_fascism	built-in image_gen fictional source-sheet crop	docs/assets/014_cannibalism/flags_imagegen/source_sheets/CBG_source_sheet.png	docs/assets/014_cannibalism/flags_imagegen/source_crops/CBG_fascism_source_crop.png	docs/assets/014_cannibalism/flags_imagegen/processed_png/82x52/CBG_fascism.png	docs/assets/014_cannibalism/flags_imagegen/processed_png/41x26/CBG_fascism.png	docs/assets/014_cannibalism/flags_imagegen/processed_png/10x7/CBG_fascism.png	gfx/flags/CBG_fascism.tga	gfx/flags/medium/CBG_fascism.tga	gfx/flags/small/CBG_fascism.tga	uncompressed 32-bit RGBA TGA; bottom-left origin; opaque alpha	docs/assets/014_cannibalism/flags_imagegen/prompts/imagegen_prompt_ledger.md	complete
CBG	neutrality	CBG_neutrality	built-in image_gen fictional source-sheet crop	docs/assets/014_cannibalism/flags_imagegen/source_sheets/CBG_source_sheet.png	docs/assets/014_cannibalism/flags_imagegen/source_crops/CBG_neutrality_source_crop.png	docs/assets/014_cannibalism/flags_imagegen/processed_png/82x52/CBG_neutrality.png	docs/assets/014_cannibalism/flags_imagegen/processed_png/41x26/CBG_neutrality.png	docs/assets/014_cannibalism/flags_imagegen/processed_png/10x7/CBG_neutrality.png	gfx/flags/CBG_neutrality.tga	gfx/flags/medium/CBG_neutrality.tga	gfx/flags/small/CBG_neutrality.tga	uncompressed 32-bit RGBA TGA; bottom-left origin; opaque alpha	docs/assets/014_cannibalism/flags_imagegen/prompts/imagegen_prompt_ledger.md	complete
CBH	base	CBH	built-in image_gen fictional source-sheet crop	docs/assets/014_cannibalism/flags_imagegen/source_sheets/CBH_source_sheet.png	docs/assets/014_cannibalism/flags_imagegen/source_crops/CBH_source_crop.png	docs/assets/014_cannibalism/flags_imagegen/processed_png/82x52/CBH.png	docs/assets/014_cannibalism/flags_imagegen/processed_png/41x26/CBH.png	docs/assets/014_cannibalism/flags_imagegen/processed_png/10x7/CBH.png	gfx/flags/CBH.tga	gfx/flags/medium/CBH.tga	gfx/flags/small/CBH.tga	uncompressed 32-bit RGBA TGA; bottom-left origin; opaque alpha	docs/assets/014_cannibalism/flags_imagegen/prompts/imagegen_prompt_ledger.md	complete
CBH	communism	CBH_communism	built-in image_gen fictional source-sheet crop	docs/assets/014_cannibalism/flags_imagegen/source_sheets/CBH_source_sheet.png	docs/assets/014_cannibalism/flags_imagegen/source_crops/CBH_communism_source_crop.png	docs/assets/014_cannibalism/flags_imagegen/processed_png/82x52/CBH_communism.png	docs/assets/014_cannibalism/flags_imagegen/processed_png/41x26/CBH_communism.png	docs/assets/014_cannibalism/flags_imagegen/processed_png/10x7/CBH_communism.png	gfx/flags/CBH_communism.tga	gfx/flags/medium/CBH_communism.tga	gfx/flags/small/CBH_communism.tga	uncompressed 32-bit RGBA TGA; bottom-left origin; opaque alpha	docs/assets/014_cannibalism/flags_imagegen/prompts/imagegen_prompt_ledger.md	complete
CBH	democratic	CBH_democratic	built-in image_gen fictional source-sheet crop	docs/assets/014_cannibalism/flags_imagegen/source_sheets/CBH_source_sheet.png	docs/assets/014_cannibalism/flags_imagegen/source_crops/CBH_democratic_source_crop.png	docs/assets/014_cannibalism/flags_imagegen/processed_png/82x52/CBH_democratic.png	docs/assets/014_cannibalism/flags_imagegen/processed_png/41x26/CBH_democratic.png	docs/assets/014_cannibalism/flags_imagegen/processed_png/10x7/CBH_democratic.png	gfx/flags/CBH_democratic.tga	gfx/flags/medium/CBH_democratic.tga	gfx/flags/small/CBH_democratic.tga	uncompressed 32-bit RGBA TGA; bottom-left origin; opaque alpha	docs/assets/014_cannibalism/flags_imagegen/prompts/imagegen_prompt_ledger.md	complete
CBH	fascism	CBH_fascism	built-in image_gen fictional source-sheet crop	docs/assets/014_cannibalism/flags_imagegen/source_sheets/CBH_source_sheet.png	docs/assets/014_cannibalism/flags_imagegen/source_crops/CBH_fascism_source_crop.png	docs/assets/014_cannibalism/flags_imagegen/processed_png/82x52/CBH_fascism.png	docs/assets/014_cannibalism/flags_imagegen/processed_png/41x26/CBH_fascism.png	docs/assets/014_cannibalism/flags_imagegen/processed_png/10x7/CBH_fascism.png	gfx/flags/CBH_fascism.tga	gfx/flags/medium/CBH_fascism.tga	gfx/flags/small/CBH_fascism.tga	uncompressed 32-bit RGBA TGA; bottom-left origin; opaque alpha	docs/assets/014_cannibalism/flags_imagegen/prompts/imagegen_prompt_ledger.md	complete
CBH	neutrality	CBH_neutrality	built-in image_gen fictional source-sheet crop	docs/assets/014_cannibalism/flags_imagegen/source_sheets/CBH_source_sheet.png	docs/assets/014_cannibalism/flags_imagegen/source_crops/CBH_neutrality_source_crop.png	docs/assets/014_cannibalism/flags_imagegen/processed_png/82x52/CBH_neutrality.png	docs/assets/014_cannibalism/flags_imagegen/processed_png/41x26/CBH_neutrality.png	docs/assets/014_cannibalism/flags_imagegen/processed_png/10x7/CBH_neutrality.png	gfx/flags/CBH_neutrality.tga	gfx/flags/medium/CBH_neutrality.tga	gfx/flags/small/CBH_neutrality.tga	uncompressed 32-bit RGBA TGA; bottom-left origin; opaque alpha	docs/assets/014_cannibalism/flags_imagegen/prompts/imagegen_prompt_ledger.md	complete
CBL	base	CBL	built-in image_gen fictional source-sheet crop	docs/assets/014_cannibalism/flags_imagegen/source_sheets/CBL_source_sheet.png	docs/assets/014_cannibalism/flags_imagegen/source_crops/CBL_source_crop.png	docs/assets/014_cannibalism/flags_imagegen/processed_png/82x52/CBL.png	docs/assets/014_cannibalism/flags_imagegen/processed_png/41x26/CBL.png	docs/assets/014_cannibalism/flags_imagegen/processed_png/10x7/CBL.png	gfx/flags/CBL.tga	gfx/flags/medium/CBL.tga	gfx/flags/small/CBL.tga	uncompressed 32-bit RGBA TGA; bottom-left origin; opaque alpha	docs/assets/014_cannibalism/flags_imagegen/prompts/imagegen_prompt_ledger.md	complete
CBL	communism	CBL_communism	built-in image_gen fictional source-sheet crop	docs/assets/014_cannibalism/flags_imagegen/source_sheets/CBL_source_sheet.png	docs/assets/014_cannibalism/flags_imagegen/source_crops/CBL_communism_source_crop.png	docs/assets/014_cannibalism/flags_imagegen/processed_png/82x52/CBL_communism.png	docs/assets/014_cannibalism/flags_imagegen/processed_png/41x26/CBL_communism.png	docs/assets/014_cannibalism/flags_imagegen/processed_png/10x7/CBL_communism.png	gfx/flags/CBL_communism.tga	gfx/flags/medium/CBL_communism.tga	gfx/flags/small/CBL_communism.tga	uncompressed 32-bit RGBA TGA; bottom-left origin; opaque alpha	docs/assets/014_cannibalism/flags_imagegen/prompts/imagegen_prompt_ledger.md	complete
CBL	democratic	CBL_democratic	built-in image_gen fictional source-sheet crop	docs/assets/014_cannibalism/flags_imagegen/source_sheets/CBL_source_sheet.png	docs/assets/014_cannibalism/flags_imagegen/source_crops/CBL_democratic_source_crop.png	docs/assets/014_cannibalism/flags_imagegen/processed_png/82x52/CBL_democratic.png	docs/assets/014_cannibalism/flags_imagegen/processed_png/41x26/CBL_democratic.png	docs/assets/014_cannibalism/flags_imagegen/processed_png/10x7/CBL_democratic.png	gfx/flags/CBL_democratic.tga	gfx/flags/medium/CBL_democratic.tga	gfx/flags/small/CBL_democratic.tga	uncompressed 32-bit RGBA TGA; bottom-left origin; opaque alpha	docs/assets/014_cannibalism/flags_imagegen/prompts/imagegen_prompt_ledger.md	complete
CBL	fascism	CBL_fascism	built-in image_gen fictional source-sheet crop	docs/assets/014_cannibalism/flags_imagegen/source_sheets/CBL_source_sheet.png	docs/assets/014_cannibalism/flags_imagegen/source_crops/CBL_fascism_source_crop.png	docs/assets/014_cannibalism/flags_imagegen/processed_png/82x52/CBL_fascism.png	docs/assets/014_cannibalism/flags_imagegen/processed_png/41x26/CBL_fascism.png	docs/assets/014_cannibalism/flags_imagegen/processed_png/10x7/CBL_fascism.png	gfx/flags/CBL_fascism.tga	gfx/flags/medium/CBL_fascism.tga	gfx/flags/small/CBL_fascism.tga	uncompressed 32-bit RGBA TGA; bottom-left origin; opaque alpha	docs/assets/014_cannibalism/flags_imagegen/prompts/imagegen_prompt_ledger.md	complete
CBL	neutrality	CBL_neutrality	built-in image_gen fictional source-sheet crop	docs/assets/014_cannibalism/flags_imagegen/source_sheets/CBL_source_sheet.png	docs/assets/014_cannibalism/flags_imagegen/source_crops/CBL_neutrality_source_crop.png	docs/assets/014_cannibalism/flags_imagegen/processed_png/82x52/CBL_neutrality.png	docs/assets/014_cannibalism/flags_imagegen/processed_png/41x26/CBL_neutrality.png	docs/assets/014_cannibalism/flags_imagegen/processed_png/10x7/CBL_neutrality.png	gfx/flags/CBL_neutrality.tga	gfx/flags/medium/CBL_neutrality.tga	gfx/flags/small/CBL_neutrality.tga	uncompressed 32-bit RGBA TGA; bottom-left origin; opaque alpha	docs/assets/014_cannibalism/flags_imagegen/prompts/imagegen_prompt_ledger.md	complete
CBL_CENTRAL_COMMAND	base	CBL_CENTRAL_COMMAND	built-in image_gen fictional source-sheet crop	docs/assets/014_cannibalism/flags_imagegen/source_sheets/CBL_CENTRAL_COMMAND_source_sheet.png	docs/assets/014_cannibalism/flags_imagegen/source_crops/CBL_CENTRAL_COMMAND_source_crop.png	docs/assets/014_cannibalism/flags_imagegen/processed_png/82x52/CBL_CENTRAL_COMMAND.png	docs/assets/014_cannibalism/flags_imagegen/processed_png/41x26/CBL_CENTRAL_COMMAND.png	docs/assets/014_cannibalism/flags_imagegen/processed_png/10x7/CBL_CENTRAL_COMMAND.png	gfx/flags/CBL_CENTRAL_COMMAND.tga	gfx/flags/medium/CBL_CENTRAL_COMMAND.tga	gfx/flags/small/CBL_CENTRAL_COMMAND.tga	uncompressed 32-bit RGBA TGA; bottom-left origin; opaque alpha	docs/assets/014_cannibalism/flags_imagegen/prompts/imagegen_prompt_ledger.md	complete
CBL_CENTRAL_COMMAND	communism	CBL_CENTRAL_COMMAND_communism	built-in image_gen fictional source-sheet crop	docs/assets/014_cannibalism/flags_imagegen/source_sheets/CBL_CENTRAL_COMMAND_source_sheet.png	docs/assets/014_cannibalism/flags_imagegen/source_crops/CBL_CENTRAL_COMMAND_communism_source_crop.png	docs/assets/014_cannibalism/flags_imagegen/processed_png/82x52/CBL_CENTRAL_COMMAND_communism.png	docs/assets/014_cannibalism/flags_imagegen/processed_png/41x26/CBL_CENTRAL_COMMAND_communism.png	docs/assets/014_cannibalism/flags_imagegen/processed_png/10x7/CBL_CENTRAL_COMMAND_communism.png	gfx/flags/CBL_CENTRAL_COMMAND_communism.tga	gfx/flags/medium/CBL_CENTRAL_COMMAND_communism.tga	gfx/flags/small/CBL_CENTRAL_COMMAND_communism.tga	uncompressed 32-bit RGBA TGA; bottom-left origin; opaque alpha	docs/assets/014_cannibalism/flags_imagegen/prompts/imagegen_prompt_ledger.md	complete
CBL_CENTRAL_COMMAND	democratic	CBL_CENTRAL_COMMAND_democratic	built-in image_gen fictional source-sheet crop	docs/assets/014_cannibalism/flags_imagegen/source_sheets/CBL_CENTRAL_COMMAND_source_sheet.png	docs/assets/014_cannibalism/flags_imagegen/source_crops/CBL_CENTRAL_COMMAND_democratic_source_crop.png	docs/assets/014_cannibalism/flags_imagegen/processed_png/82x52/CBL_CENTRAL_COMMAND_democratic.png	docs/assets/014_cannibalism/flags_imagegen/processed_png/41x26/CBL_CENTRAL_COMMAND_democratic.png	docs/assets/014_cannibalism/flags_imagegen/processed_png/10x7/CBL_CENTRAL_COMMAND_democratic.png	gfx/flags/CBL_CENTRAL_COMMAND_democratic.tga	gfx/flags/medium/CBL_CENTRAL_COMMAND_democratic.tga	gfx/flags/small/CBL_CENTRAL_COMMAND_democratic.tga	uncompressed 32-bit RGBA TGA; bottom-left origin; opaque alpha	docs/assets/014_cannibalism/flags_imagegen/prompts/imagegen_prompt_ledger.md	complete
CBL_CENTRAL_COMMAND	fascism	CBL_CENTRAL_COMMAND_fascism	built-in image_gen fictional source-sheet crop	docs/assets/014_cannibalism/flags_imagegen/source_sheets/CBL_CENTRAL_COMMAND_source_sheet.png	docs/assets/014_cannibalism/flags_imagegen/source_crops/CBL_CENTRAL_COMMAND_fascism_source_crop.png	docs/assets/014_cannibalism/flags_imagegen/processed_png/82x52/CBL_CENTRAL_COMMAND_fascism.png	docs/assets/014_cannibalism/flags_imagegen/processed_png/41x26/CBL_CENTRAL_COMMAND_fascism.png	docs/assets/014_cannibalism/flags_imagegen/processed_png/10x7/CBL_CENTRAL_COMMAND_fascism.png	gfx/flags/CBL_CENTRAL_COMMAND_fascism.tga	gfx/flags/medium/CBL_CENTRAL_COMMAND_fascism.tga	gfx/flags/small/CBL_CENTRAL_COMMAND_fascism.tga	uncompressed 32-bit RGBA TGA; bottom-left origin; opaque alpha	docs/assets/014_cannibalism/flags_imagegen/prompts/imagegen_prompt_ledger.md	complete
CBL_CENTRAL_COMMAND	neutrality	CBL_CENTRAL_COMMAND_neutrality	built-in image_gen fictional source-sheet crop	docs/assets/014_cannibalism/flags_imagegen/source_sheets/CBL_CENTRAL_COMMAND_source_sheet.png	docs/assets/014_cannibalism/flags_imagegen/source_crops/CBL_CENTRAL_COMMAND_neutrality_source_crop.png	docs/assets/014_cannibalism/flags_imagegen/processed_png/82x52/CBL_CENTRAL_COMMAND_neutrality.png	docs/assets/014_cannibalism/flags_imagegen/processed_png/41x26/CBL_CENTRAL_COMMAND_neutrality.png	docs/assets/014_cannibalism/flags_imagegen/processed_png/10x7/CBL_CENTRAL_COMMAND_neutrality.png	gfx/flags/CBL_CENTRAL_COMMAND_neutrality.tga	gfx/flags/medium/CBL_CENTRAL_COMMAND_neutrality.tga	gfx/flags/small/CBL_CENTRAL_COMMAND_neutrality.tga	uncompressed 32-bit RGBA TGA; bottom-left origin; opaque alpha	docs/assets/014_cannibalism/flags_imagegen/prompts/imagegen_prompt_ledger.md	complete
CBL_HOST_CONFEDERATION	base	CBL_HOST_CONFEDERATION	built-in image_gen fictional source-sheet crop	docs/assets/014_cannibalism/flags_imagegen/source_sheets/CBL_HOST_CONFEDERATION_source_sheet.png	docs/assets/014_cannibalism/flags_imagegen/source_crops/CBL_HOST_CONFEDERATION_source_crop.png	docs/assets/014_cannibalism/flags_imagegen/processed_png/82x52/CBL_HOST_CONFEDERATION.png	docs/assets/014_cannibalism/flags_imagegen/processed_png/41x26/CBL_HOST_CONFEDERATION.png	docs/assets/014_cannibalism/flags_imagegen/processed_png/10x7/CBL_HOST_CONFEDERATION.png	gfx/flags/CBL_HOST_CONFEDERATION.tga	gfx/flags/medium/CBL_HOST_CONFEDERATION.tga	gfx/flags/small/CBL_HOST_CONFEDERATION.tga	uncompressed 32-bit RGBA TGA; bottom-left origin; opaque alpha	docs/assets/014_cannibalism/flags_imagegen/prompts/imagegen_prompt_ledger.md	complete
CBL_HOST_CONFEDERATION	communism	CBL_HOST_CONFEDERATION_communism	built-in image_gen fictional source-sheet crop	docs/assets/014_cannibalism/flags_imagegen/source_sheets/CBL_HOST_CONFEDERATION_source_sheet.png	docs/assets/014_cannibalism/flags_imagegen/source_crops/CBL_HOST_CONFEDERATION_communism_source_crop.png	docs/assets/014_cannibalism/flags_imagegen/processed_png/82x52/CBL_HOST_CONFEDERATION_communism.png	docs/assets/014_cannibalism/flags_imagegen/processed_png/41x26/CBL_HOST_CONFEDERATION_communism.png	docs/assets/014_cannibalism/flags_imagegen/processed_png/10x7/CBL_HOST_CONFEDERATION_communism.png	gfx/flags/CBL_HOST_CONFEDERATION_communism.tga	gfx/flags/medium/CBL_HOST_CONFEDERATION_communism.tga	gfx/flags/small/CBL_HOST_CONFEDERATION_communism.tga	uncompressed 32-bit RGBA TGA; bottom-left origin; opaque alpha	docs/assets/014_cannibalism/flags_imagegen/prompts/imagegen_prompt_ledger.md	complete
CBL_HOST_CONFEDERATION	democratic	CBL_HOST_CONFEDERATION_democratic	built-in image_gen fictional source-sheet crop	docs/assets/014_cannibalism/flags_imagegen/source_sheets/CBL_HOST_CONFEDERATION_source_sheet.png	docs/assets/014_cannibalism/flags_imagegen/source_crops/CBL_HOST_CONFEDERATION_democratic_source_crop.png	docs/assets/014_cannibalism/flags_imagegen/processed_png/82x52/CBL_HOST_CONFEDERATION_democratic.png	docs/assets/014_cannibalism/flags_imagegen/processed_png/41x26/CBL_HOST_CONFEDERATION_democratic.png	docs/assets/014_cannibalism/flags_imagegen/processed_png/10x7/CBL_HOST_CONFEDERATION_democratic.png	gfx/flags/CBL_HOST_CONFEDERATION_democratic.tga	gfx/flags/medium/CBL_HOST_CONFEDERATION_democratic.tga	gfx/flags/small/CBL_HOST_CONFEDERATION_democratic.tga	uncompressed 32-bit RGBA TGA; bottom-left origin; opaque alpha	docs/assets/014_cannibalism/flags_imagegen/prompts/imagegen_prompt_ledger.md	complete
CBL_HOST_CONFEDERATION	fascism	CBL_HOST_CONFEDERATION_fascism	built-in image_gen fictional source-sheet crop	docs/assets/014_cannibalism/flags_imagegen/source_sheets/CBL_HOST_CONFEDERATION_source_sheet.png	docs/assets/014_cannibalism/flags_imagegen/source_crops/CBL_HOST_CONFEDERATION_fascism_source_crop.png	docs/assets/014_cannibalism/flags_imagegen/processed_png/82x52/CBL_HOST_CONFEDERATION_fascism.png	docs/assets/014_cannibalism/flags_imagegen/processed_png/41x26/CBL_HOST_CONFEDERATION_fascism.png	docs/assets/014_cannibalism/flags_imagegen/processed_png/10x7/CBL_HOST_CONFEDERATION_fascism.png	gfx/flags/CBL_HOST_CONFEDERATION_fascism.tga	gfx/flags/medium/CBL_HOST_CONFEDERATION_fascism.tga	gfx/flags/small/CBL_HOST_CONFEDERATION_fascism.tga	uncompressed 32-bit RGBA TGA; bottom-left origin; opaque alpha	docs/assets/014_cannibalism/flags_imagegen/prompts/imagegen_prompt_ledger.md	complete
CBL_HOST_CONFEDERATION	neutrality	CBL_HOST_CONFEDERATION_neutrality	built-in image_gen fictional source-sheet crop	docs/assets/014_cannibalism/flags_imagegen/source_sheets/CBL_HOST_CONFEDERATION_source_sheet.png	docs/assets/014_cannibalism/flags_imagegen/source_crops/CBL_HOST_CONFEDERATION_neutrality_source_crop.png	docs/assets/014_cannibalism/flags_imagegen/processed_png/82x52/CBL_HOST_CONFEDERATION_neutrality.png	docs/assets/014_cannibalism/flags_imagegen/processed_png/41x26/CBL_HOST_CONFEDERATION_neutrality.png	docs/assets/014_cannibalism/flags_imagegen/processed_png/10x7/CBL_HOST_CONFEDERATION_neutrality.png	gfx/flags/CBL_HOST_CONFEDERATION_neutrality.tga	gfx/flags/medium/CBL_HOST_CONFEDERATION_neutrality.tga	gfx/flags/small/CBL_HOST_CONFEDERATION_neutrality.tga	uncompressed 32-bit RGBA TGA; bottom-left origin; opaque alpha	docs/assets/014_cannibalism/flags_imagegen/prompts/imagegen_prompt_ledger.md	complete
CBL_RITUAL_STATE	base	CBL_RITUAL_STATE	built-in image_gen fictional source-sheet crop	docs/assets/014_cannibalism/flags_imagegen/source_sheets/CBL_RITUAL_STATE_source_sheet.png	docs/assets/014_cannibalism/flags_imagegen/source_crops/CBL_RITUAL_STATE_source_crop.png	docs/assets/014_cannibalism/flags_imagegen/processed_png/82x52/CBL_RITUAL_STATE.png	docs/assets/014_cannibalism/flags_imagegen/processed_png/41x26/CBL_RITUAL_STATE.png	docs/assets/014_cannibalism/flags_imagegen/processed_png/10x7/CBL_RITUAL_STATE.png	gfx/flags/CBL_RITUAL_STATE.tga	gfx/flags/medium/CBL_RITUAL_STATE.tga	gfx/flags/small/CBL_RITUAL_STATE.tga	uncompressed 32-bit RGBA TGA; bottom-left origin; opaque alpha	docs/assets/014_cannibalism/flags_imagegen/prompts/imagegen_prompt_ledger.md	complete
CBL_RITUAL_STATE	communism	CBL_RITUAL_STATE_communism	built-in image_gen fictional source-sheet crop	docs/assets/014_cannibalism/flags_imagegen/source_sheets/CBL_RITUAL_STATE_source_sheet.png	docs/assets/014_cannibalism/flags_imagegen/source_crops/CBL_RITUAL_STATE_communism_source_crop.png	docs/assets/014_cannibalism/flags_imagegen/processed_png/82x52/CBL_RITUAL_STATE_communism.png	docs/assets/014_cannibalism/flags_imagegen/processed_png/41x26/CBL_RITUAL_STATE_communism.png	docs/assets/014_cannibalism/flags_imagegen/processed_png/10x7/CBL_RITUAL_STATE_communism.png	gfx/flags/CBL_RITUAL_STATE_communism.tga	gfx/flags/medium/CBL_RITUAL_STATE_communism.tga	gfx/flags/small/CBL_RITUAL_STATE_communism.tga	uncompressed 32-bit RGBA TGA; bottom-left origin; opaque alpha	docs/assets/014_cannibalism/flags_imagegen/prompts/imagegen_prompt_ledger.md	complete
CBL_RITUAL_STATE	democratic	CBL_RITUAL_STATE_democratic	built-in image_gen fictional source-sheet crop	docs/assets/014_cannibalism/flags_imagegen/source_sheets/CBL_RITUAL_STATE_source_sheet.png	docs/assets/014_cannibalism/flags_imagegen/source_crops/CBL_RITUAL_STATE_democratic_source_crop.png	docs/assets/014_cannibalism/flags_imagegen/processed_png/82x52/CBL_RITUAL_STATE_democratic.png	docs/assets/014_cannibalism/flags_imagegen/processed_png/41x26/CBL_RITUAL_STATE_democratic.png	docs/assets/014_cannibalism/flags_imagegen/processed_png/10x7/CBL_RITUAL_STATE_democratic.png	gfx/flags/CBL_RITUAL_STATE_democratic.tga	gfx/flags/medium/CBL_RITUAL_STATE_democratic.tga	gfx/flags/small/CBL_RITUAL_STATE_democratic.tga	uncompressed 32-bit RGBA TGA; bottom-left origin; opaque alpha	docs/assets/014_cannibalism/flags_imagegen/prompts/imagegen_prompt_ledger.md	complete
CBL_RITUAL_STATE	fascism	CBL_RITUAL_STATE_fascism	built-in image_gen fictional source-sheet crop	docs/assets/014_cannibalism/flags_imagegen/source_sheets/CBL_RITUAL_STATE_source_sheet.png	docs/assets/014_cannibalism/flags_imagegen/source_crops/CBL_RITUAL_STATE_fascism_source_crop.png	docs/assets/014_cannibalism/flags_imagegen/processed_png/82x52/CBL_RITUAL_STATE_fascism.png	docs/assets/014_cannibalism/flags_imagegen/processed_png/41x26/CBL_RITUAL_STATE_fascism.png	docs/assets/014_cannibalism/flags_imagegen/processed_png/10x7/CBL_RITUAL_STATE_fascism.png	gfx/flags/CBL_RITUAL_STATE_fascism.tga	gfx/flags/medium/CBL_RITUAL_STATE_fascism.tga	gfx/flags/small/CBL_RITUAL_STATE_fascism.tga	uncompressed 32-bit RGBA TGA; bottom-left origin; opaque alpha	docs/assets/014_cannibalism/flags_imagegen/prompts/imagegen_prompt_ledger.md	complete
CBL_RITUAL_STATE	neutrality	CBL_RITUAL_STATE_neutrality	built-in image_gen fictional source-sheet crop	docs/assets/014_cannibalism/flags_imagegen/source_sheets/CBL_RITUAL_STATE_source_sheet.png	docs/assets/014_cannibalism/flags_imagegen/source_crops/CBL_RITUAL_STATE_neutrality_source_crop.png	docs/assets/014_cannibalism/flags_imagegen/processed_png/82x52/CBL_RITUAL_STATE_neutrality.png	docs/assets/014_cannibalism/flags_imagegen/processed_png/41x26/CBL_RITUAL_STATE_neutrality.png	docs/assets/014_cannibalism/flags_imagegen/processed_png/10x7/CBL_RITUAL_STATE_neutrality.png	gfx/flags/CBL_RITUAL_STATE_neutrality.tga	gfx/flags/medium/CBL_RITUAL_STATE_neutrality.tga	gfx/flags/small/CBL_RITUAL_STATE_neutrality.tga	uncompressed 32-bit RGBA TGA; bottom-left origin; opaque alpha	docs/assets/014_cannibalism/flags_imagegen/prompts/imagegen_prompt_ledger.md	complete
ZZZ_CANNIBALISM_HANNIBAL	base	ZZZ_CANNIBALISM_HANNIBAL	built-in image_gen fictional source-sheet crop	docs/assets/014_cannibalism/flags_imagegen/source_sheets/ZZZ_CANNIBALISM_HANNIBAL_source_sheet.png	docs/assets/014_cannibalism/flags_imagegen/source_crops/ZZZ_CANNIBALISM_HANNIBAL_source_crop.png	docs/assets/014_cannibalism/flags_imagegen/processed_png/82x52/ZZZ_CANNIBALISM_HANNIBAL.png	docs/assets/014_cannibalism/flags_imagegen/processed_png/41x26/ZZZ_CANNIBALISM_HANNIBAL.png	docs/assets/014_cannibalism/flags_imagegen/processed_png/10x7/ZZZ_CANNIBALISM_HANNIBAL.png	gfx/flags/ZZZ_CANNIBALISM_HANNIBAL.tga	gfx/flags/medium/ZZZ_CANNIBALISM_HANNIBAL.tga	gfx/flags/small/ZZZ_CANNIBALISM_HANNIBAL.tga	uncompressed 32-bit RGBA TGA; bottom-left origin; opaque alpha	docs/assets/014_cannibalism/flags_imagegen/prompts/imagegen_prompt_ledger.md	complete
ZZZ_CANNIBALISM_HANNIBAL	communism	ZZZ_CANNIBALISM_HANNIBAL_communism	built-in image_gen fictional source-sheet crop	docs/assets/014_cannibalism/flags_imagegen/source_sheets/ZZZ_CANNIBALISM_HANNIBAL_source_sheet.png	docs/assets/014_cannibalism/flags_imagegen/source_crops/ZZZ_CANNIBALISM_HANNIBAL_communism_source_crop.png	docs/assets/014_cannibalism/flags_imagegen/processed_png/82x52/ZZZ_CANNIBALISM_HANNIBAL_communism.png	docs/assets/014_cannibalism/flags_imagegen/processed_png/41x26/ZZZ_CANNIBALISM_HANNIBAL_communism.png	docs/assets/014_cannibalism/flags_imagegen/processed_png/10x7/ZZZ_CANNIBALISM_HANNIBAL_communism.png	gfx/flags/ZZZ_CANNIBALISM_HANNIBAL_communism.tga	gfx/flags/medium/ZZZ_CANNIBALISM_HANNIBAL_communism.tga	gfx/flags/small/ZZZ_CANNIBALISM_HANNIBAL_communism.tga	uncompressed 32-bit RGBA TGA; bottom-left origin; opaque alpha	docs/assets/014_cannibalism/flags_imagegen/prompts/imagegen_prompt_ledger.md	complete
ZZZ_CANNIBALISM_HANNIBAL	democratic	ZZZ_CANNIBALISM_HANNIBAL_democratic	built-in image_gen fictional source-sheet crop	docs/assets/014_cannibalism/flags_imagegen/source_sheets/ZZZ_CANNIBALISM_HANNIBAL_source_sheet.png	docs/assets/014_cannibalism/flags_imagegen/source_crops/ZZZ_CANNIBALISM_HANNIBAL_democratic_source_crop.png	docs/assets/014_cannibalism/flags_imagegen/processed_png/82x52/ZZZ_CANNIBALISM_HANNIBAL_democratic.png	docs/assets/014_cannibalism/flags_imagegen/processed_png/41x26/ZZZ_CANNIBALISM_HANNIBAL_democratic.png	docs/assets/014_cannibalism/flags_imagegen/processed_png/10x7/ZZZ_CANNIBALISM_HANNIBAL_democratic.png	gfx/flags/ZZZ_CANNIBALISM_HANNIBAL_democratic.tga	gfx/flags/medium/ZZZ_CANNIBALISM_HANNIBAL_democratic.tga	gfx/flags/small/ZZZ_CANNIBALISM_HANNIBAL_democratic.tga	uncompressed 32-bit RGBA TGA; bottom-left origin; opaque alpha	docs/assets/014_cannibalism/flags_imagegen/prompts/imagegen_prompt_ledger.md	complete
ZZZ_CANNIBALISM_HANNIBAL	fascism	ZZZ_CANNIBALISM_HANNIBAL_fascism	built-in image_gen fictional source-sheet crop	docs/assets/014_cannibalism/flags_imagegen/source_sheets/ZZZ_CANNIBALISM_HANNIBAL_source_sheet.png	docs/assets/014_cannibalism/flags_imagegen/source_crops/ZZZ_CANNIBALISM_HANNIBAL_fascism_source_crop.png	docs/assets/014_cannibalism/flags_imagegen/processed_png/82x52/ZZZ_CANNIBALISM_HANNIBAL_fascism.png	docs/assets/014_cannibalism/flags_imagegen/processed_png/41x26/ZZZ_CANNIBALISM_HANNIBAL_fascism.png	docs/assets/014_cannibalism/flags_imagegen/processed_png/10x7/ZZZ_CANNIBALISM_HANNIBAL_fascism.png	gfx/flags/ZZZ_CANNIBALISM_HANNIBAL_fascism.tga	gfx/flags/medium/ZZZ_CANNIBALISM_HANNIBAL_fascism.tga	gfx/flags/small/ZZZ_CANNIBALISM_HANNIBAL_fascism.tga	uncompressed 32-bit RGBA TGA; bottom-left origin; opaque alpha	docs/assets/014_cannibalism/flags_imagegen/prompts/imagegen_prompt_ledger.md	complete
ZZZ_CANNIBALISM_HANNIBAL	neutrality	ZZZ_CANNIBALISM_HANNIBAL_neutrality	built-in image_gen fictional source-sheet crop	docs/assets/014_cannibalism/flags_imagegen/source_sheets/ZZZ_CANNIBALISM_HANNIBAL_source_sheet.png	docs/assets/014_cannibalism/flags_imagegen/source_crops/ZZZ_CANNIBALISM_HANNIBAL_neutrality_source_crop.png	docs/assets/014_cannibalism/flags_imagegen/processed_png/82x52/ZZZ_CANNIBALISM_HANNIBAL_neutrality.png	docs/assets/014_cannibalism/flags_imagegen/processed_png/41x26/ZZZ_CANNIBALISM_HANNIBAL_neutrality.png	docs/assets/014_cannibalism/flags_imagegen/processed_png/10x7/ZZZ_CANNIBALISM_HANNIBAL_neutrality.png	gfx/flags/ZZZ_CANNIBALISM_HANNIBAL_neutrality.tga	gfx/flags/medium/ZZZ_CANNIBALISM_HANNIBAL_neutrality.tga	gfx/flags/small/ZZZ_CANNIBALISM_HANNIBAL_neutrality.tga	uncompressed 32-bit RGBA TGA; bottom-left origin; opaque alpha	docs/assets/014_cannibalism/flags_imagegen/prompts/imagegen_prompt_ledger.md	complete
