filename,sha256
1000-East Azerbaijan.txt,AB8CB784F13DB003EAB10041C9DA657C50BB64DFBAB1BC9D4EF54AA683B96A7A
1001-Kurdistan.txt,7DDDA03AA5B9001EAF6DA0041EBBAC7A8FC92A93E686152F1F7B6C754C3BF70D
1002-Yazd.txt,070735387A83F487BA1F65273ABF5A4526D6E41F284D96F5420F703D96E513A5
1003-South Khorasan.txt,ADD8F8E6BB5A9F71F41B4E6ADE58381604758F81A0F001F79D5ABD60EEFEB2F1
1004-North Khorasan.txt,6BFB70556D13806F4E96C339CF533F3C1370D8673D46FF56CBDC5719E969544C
1005-Qataghan.txt,6749A3FEF3BC38E76F1DE4591C603A466B4F8EC520FB9C57F84CED698825862B
1006-Khyber Pass.txt,7C0F596553BA9CC9E37AD2A27D4AF6E1CE42C7F6BC228C2B745F033CCF140733
1007-Maymanah.txt,FA897D7C2EF4E95257119C3EDA5587035FFA36176BA353BC35ECF86631F6E9D6
1008-Qandahar.txt,A58F0876C72750567FB3A5AB967F30673EB3AA9AD19DF9A3C2823CD5020CDC67
1009-Farah.txt,AB31EC5845B4364574B204FCE0F01549A1EB898552A9F4FA019B0CF70344B4F0
100-Iceland.txt,2E33A965680E5359F8B4CAD7EE3E34201039CB70B82967BCD72059F94E6694AA
1010-Al Anbar.txt,2D69BFAEF9B000F0C071B4AAA640F826004DC1C4B6E951CBD7544F85AFE1F8C7
1011-Al Basrah.txt,790FAA1D071A7B7470E47E81B73E0253059180C1694A477E31A7B6D6451A5F6E
1012-Kalat.txt,807D8961F859A033155D70DCFED9E626CCDC87788FD82B7C7DC648B02B8A48AD
1013 -Musamdam.txt,1CF6ACAA4586976D4FD08100ED8A6282E16B6A0C77BFD48BC0B5CC5FC3818D38
1014 - Bahrain.txt,AAE35AB9E667BBACF70BEDC56092CA5EFA5DC119A810868E286A5DFD2107F358
1015 - Interior Oman.txt,47C9D04C2198102295B8F37527ECC5B5DB781D290270F99F24913F79A9DAE907
1016 - Dhofar.txt,E76577A76D22B7BC9E32D3E2F2D246389958D897867AD3EA11722C203B9A7F7C
1017 - Trung Bo.txt,BA766345182AAF8F2ECA7F6256BF6F7792384E7734F2197D9AEA8A66C82FC847
1018 - South Kyushu.txt,2AD0AE723081D3E555348C16319891A5EB10CE07EAFF740BA6C53BA69BDFD4C2
1019 - South Tohoku.txt,9C23F9BA3C83B6A3799755D36583F94C41FDA721DA9A96C208145181326F44CC
101-Greenland.txt,A67BF1CA44F7E40A4D1BAD400A475009811B498865A7539A54180B6FD7748773
1020 - Sanin.txt,0E05F6BCF8D37E448EDD3EE9417F4D70E8CE57D6E8471916D9FF588C2296CD43
1021 - Actual Singapore.txt,9FF4456BB7D90444E3531B32590072D6366FB99FCBEFAC0D957C63D7CA5B494C
1022 - Interior Borneo.txt,186844B4A161D6630E750DE2E5733B5B7BAE358C92EB751031E9DB6D1CEF3D34
1023 - Brunei.txt,1E5AD7A9941D041D55ABDD440D3B0EBADFB553AA8CFFEA0BD5A43940ED9D8C12
1024 - Sabah.txt,AC7D78580DACB683262EE644E85E54D1498D345E6595C9B281C3A4E9CCAE5E41
1025 - Zamboanga.txt,A1545A631C786272B4C381E2B5C6C0C2B0A4CCF3B651B99D58FA82C04DE6B3A3
1026 - North Mindanao.txt,57F5CB47C019D0A8273B3059C945A9DBF03355A4FF2B1F32FA2BBF6DAB34F923
1027 - Bataan.txt,19068E043A3AD2F447239002DCFA832FAB971D98C9CF34C70D5A0D6FB30A7360
1028 - Hamgyong.txt,69420D35A7C49199D8BF99E665C7679FD20662BA4B159B5569A8B2FA23D7880E
1029 - Gangwon.txt,12F8A298DB0AD87493136C6CE196E63B84774B3BCFE19E49607DBF00EC16B003
102-North-Eastern Slovenia.txt,57B223EC43103079BEBB0BD86B4E5EBEEB1025BF6B22FED7899088A99BB1C27B
1030 - Gyeongsang.txt,F2B3158140125DF4998F1CC961EF1770D102FC603058074B1209752B38821968
1031 - Chungcheong Jeolla.txt,9D8FE0D109017F7399666BEA28584A1A2E83AEE1EA7C972B846EF2020EF8EE54
1032 - Yanan.txt,D9F4414571A48BC9C951D642A8D4AC6CA0BF96ABDF30E9B470896160686ACFE3
1033 - Fangchenggang.txt,47F40E12ED78D14CBD36A73709049BF687FBA7C13586844245044F65E6C7E8C8
1034 - Suzhou.txt,024B9F2F1FF0FC843A7F949EA7EF30BC56C48E80CAB6FA76510A323B45C618D8
1035 - Nanjing.txt,D894D9FB66E9882162802DA89AE7251B63FFCB3BEAF6B53417BCEB67C118E2B7
1036 - Wuhan.txt,D101C113C63F32F0FBF5363305AAB6E75ED401053D3A2D071D477E06B7A8000A
1037 - Chongqing.txt,1B853D4A8823D9CBE1A9135A27A6CC6B5C5C1C78E7E50FF97C09EDB898CCC856
1038 - Jinan.txt,11B5C6C26D739E75018513ADD6618C8443ECA5BD3237CE9B983EAA84147590C0
1039 - Hebei-Chahar.txt,14CB44335E5B781CFFDD7DECEDD6137663A24764C777EF81E323BBA4DB989D46
103-Croatia.txt,6F144784FB582C8DD1439C8EC83E5A2299A10050B9254FAB6DC51F3CC8782732
1040 - Alxa.txt,26CABC90E4476916FE21D050BCB4166808892113F3732B65D0CEB64C0B216EC3
1041 - Chengdu.txt,D5F8F4E72EEA238990053AD441F54E044E725EFCDA9AE153FB882AE5A7E88332
1042 - Khotan.txt,A19910856908AEF6B2268184C07CC0C5B82382DB4CFCCB455E3D16E6A406A971
1043 - Pailingmiao.txt,E5082FBEE4F1C558EEEA6EC49256F6987AEEEE03C849C09B1373DC26A59C2DD9
1044 - Wuwei.txt,2AC43127735FEDB2F9F8294D1E14E879C25540099C394FD6BD68A86FD35A196B
1045 - Guyuan.txt,3444951A922168E5BF8BBD08F78CAA3B3D9DA234D545715935B6BE1856F317B6
1046 - Yulin.txt,9823B51376814888F97E8D11DC17E7757AF623682C73F7862252819581117724
1047-Bangka-Belitung.txt,D41BAD536D0BC37A15CF0012874EF234D619EC71F2DE25421C2A80593B7F9A5C
1048-Padang.txt,F63EC7AE78848CB331ED1F24D27B2ACEB2507A04FFCEFA3FB4D12ECBF020D649
1049-Medan and Riouw.txt,6F65D38A2787D56DCE67509A5EE5700DBA3559D193982490AD44342FDEC0EF17
104-Bosnia.txt,F698F91D139843875A23FD459649318EA2050DD3AE6974F15D2CB321771AA072
1050-Ajteh.txt,1597008EED5D4ABC44B2585DC5727F5963A4BDC10E440D06C80FEB813B8F2E0B
1051-East Java.txt,8C33240EBD22AED1923286B66532FEB0A408CAC1EB82045F6B8A24BE0E32F924
1052-Bali.txt,808194BE456BEBA7E289AD275411EDC0A1C20AAAC800FA4258CD728F7A6A5451
1053-East Nusa Tenggara.txt,EA98509A7AA0D7503BA3172EF302AD4011F7F3F4AFD8066E756836E76FC5EDE6
1054-Dutch Timor.txt,DA4BC22A71C39849E1618D2B79E0C91D54ACE685F3748CC43F388E2D1EA280E7
1055-Eastern Kalimantan.txt,EE5BD00E345D697C22A997A686542DBBD0579FD3346FDB6BC90BB47761111267
1056-Manado.txt,D6986EA8FF10A0A61F368BCC37C2D10090A9EA9A2C6FFAC53F36C4C356AC08A5
1057-Dutch Southern New Guinea.txt,D4FEE7F3D003CA43D210E6FB5FC23CBF1B969E6C8713C351480FF1D52BFB2114
1058-Batavia.txt,D05EDC4C33BAF58EDCACB956AE21E41E7935275B8E8EF2C8E125429946E43977
1059 - Limbang.txt,8E9CBE3F2B79528CEA5B71DD62BA7982E30D6022400F222479E3532414F54781
105-Montenegro.txt,9A356B469EEFEC70B5D5AE8BD078AC72425E8D502C0A90C24D16AC768AA0D398
1060 - Johor.txt,80FE8BD86E190FF95D6A7C71144D39B8D500C1CF9EFFF10D632285DE08431627
1061 - Perlis Kedah.txt,E818430C84A0EEBEB2C6685F26244967995930064D89F275D420173EBF6DB9DB
1062 - Kelantan.txt,969900D16BACE59EE683EF97487F110044EAC9CE86D74FBD6C6999122594FAE5
1063 - Pahang.txt,6657238E42D031F7117D7EDB66735E1CE5FB36F3824321BBE6A02AF45AD3F717
1064 - Perak.txt,38EBEF7661F843B455FA539DAD7E35D5DCBD3E669CFF38D4CD4F1ACBB9E0DEF4
1065 - Penang.txt,5D3CFE2C16C736B670EB82E00920C2EFD34ED554DE7DB9BBA5093900F91562E7
1066 - Mekong Delta.txt,1D559810ECF7118EA4FB75BF26CE82179995DFE656EB9BBB1DB630041FA53F01
1067 - Battambang.txt,257DA106627EF5657D34CA54BC6E31B1AD72468213421CAEFF3A7F78F7F43617
1068 - Bassac.txt,B8979C4407B65D2FD5A4E34272ECEB5F00C350DC90C341DFBD7BAFE20CB73B0B
1069 - Lan Chang.txt,C40EE24106A4BA74CCB734804111B8AECD800EB2933A445607F40DA7C9569667
106-Macedonia.txt,695DC5FAE443FFEA0F7DA1D408EBA9CDBCE715E5FE4EA6C5BCC0F802A7C942C3
1070 - Bougainville.txt,0B9EE230F613E5CA7CDF0D7731C455392DE8DFEFD19E0C224B2E4F3474A3D460
1071 - Vanuatu.txt,739CF89ABF2F070AD5E54FDC8BE5C13E3CA7EE8BACCC1C1CA10D3A09B115D1D6
1072 - American Samoa.txt,4CDD62AB70C71BD7ABAC6331683C6F471BEBE7A9B3D989BA3E770592CEBE3F65
1073 - Interior Papua.txt,F15A9668D8C93219D52ABEB938374F535A14FCD22B90A23F244B1423ED7F588B
1074 - Central West Australia.txt,28CAB5C5A4CD83BD8F86A8AF1343BCD5F60165BDCF862FAF3B64AC193C126F61
1075 - West Queensland.txt,2FB011E8BA8A9C2BC2197D2EC697BEAD735F0684BA6A66AF144B5A2856EFC713
1076 - Bangkok.txt,7EB03A7302AA61A0A25A80DCD3F2C37BDF7422E4B6EB73C4A2EEDCD2C09A0DDE
1077 - Central Siam.txt,688CDF4DE8D007DF0245A1CABE370F7838127C6016D7F338F2C4D647C0C7E4C6
1078 - Eastern Siam.txt,C090674E09BF240732D1A4E059B2CEA031B04DE4A5658BA33E550A7D846C6B8C
1079-Auckland.txt,66976825CA17463601FD2EC77A88AB07108F216AD851AB04C270505217D0E76C
107-Kosavo.txt,CC38C8C2CF8718E639F475AB81C5BDFB30A111188EE84FB5731EF4636B337429
1080 - Marlborough.txt,CE8B23C9BF72AB9E286EB5E7CAC37965953AD17C5BB6666C751BB5D23CE68FCC
1081 - Otago.txt,A1970D0CEB874266071CD419B1580526CE2049FC088D9D2A30C28EEC5B51A56F
108-Eastern Serbia.txt,18389A1054B83C86C9C43003194C4AE649B6FDA518F861D0E7A867D3052B7067
109-Eastern Croatia.txt,97C45513B5E2BD2B63D69CFF6082C1AAD61F43CA5C5E98662D83F4AC0576134A
10-Poland.txt,3C03A9EDC23F5CCD9AEAC5628BAF8C526045832A15A010EF8BE5945B63B00451
110-Norway.txt,76F33F262E6D38E835CEEAE09C6131B4864B204F242AF59C29AB9EE20965ACAF
111-Uusima.txt,271F143E9691304D120497C462B432CEDBE282DD7C6C950ABE69924BD5A60921
112-Lisbon.txt,F4C99EC1EDC16951E9748E9FA72AEF26C4B9FDC5C45C4DFAC9A01E19DDD11225
113-Ireland.txt,73FD29F5DB95FF91A6486DC37C9913BE21EA74B5083CE57B280D5D79EA4874F5
114-Sardinia.txt,D5250126F341B00A504D453466279552E395FCFB2E5AD417D915E62CBFD7CB2B
115-Sicily.txt,8C7208C7A5D8E44BCD88540A85C4BEDC521399066F775BCB915117B26C7B8AA1
116-Malta.txt,8D31198557C282E2E1A255BE889784CADAAFAD50B003A80033080B4EC2EE4EEF
117-Napoli.txt,77FA6ADECFAB2FA58B3DECC53C8EE46BCC31E6D6941A32CEAD829A9B3A6C0936
118-Gibralter.txt,C23BC3FCC9CEC2AA6812FF167FA51A657FEF17C130275F64777A5F664C3D6610
119-Northern Ireland.txt,C97FC50E330F5E856A98C0C2E86F8DF5688516BF6CE68DDCFD4D063B8AEC0FEC
11-Kaunas.txt,D1D2B0165C876E90E4A7E118D05DE1588D9ADF0F28795CF7746D590541A7DDAB
120-Scottish Highlands.txt,0BDDF7EF893245CC7F3335553F2960B92F7A4AC5464A925C554302CE6560C1F0
121-Scottish Lowlands.txt,370F7DE563FEECC254CA0D95560BCF7C4C470918CDE146076D2E33A728AE5831
122-Wales.txt,BE5A809465C67461B8C3BD9287248B16649217D7048230B149227E229E55AB44
123-Cornwall.txt,264A0AD89E8E732F4B73E516B1625A8DF1211B9494700F983E90183AF5561FE9
124-Gotland.txt,B52C05EC6BCCA0CA5F3BA7D700441F92CFD3C87925A9C860E9B3944C71A74987
125-East Anglia.txt,EE523354B708AF55E4711240FF5A3F099AC8C00B7813DF2C6843AC9CB77D8C17
126-Greater London Area.txt,779DCC9A8AE7377A78FF5EBE488A70B16AEEF7CA7FCEE5B03482E028BD271DAF
127-South-east England.txt,FBE5558A8540FABE2C0BB601A1DEC8FC27F5A040D14C54154D4E366DD3713C7D
128-West Midlands.txt,50F2BBD2941E4074A0A1CC28110FED4527A45BF0D84B0E95E8C2E4DB865ADC5F
129-East Midlands.txt,49A866EB34EB1517CAEB00B2F7995E374EE83FA5D39DEA3A423CDB748F9881C5
12-Latvia.txt,C04C0166B15C78EE6B1FC8484096AE692914DC04C906C986BE96B4259B648957
130-Yorkshire.txt,C28ABE6FCCDEACE65FA71E4E0F4B41906E35DE92D7C134BBECC930BA2CF873BA
131-Northern England.txt,3331AEFE5CE19C329D1CC35686E1C17EEFECD665E697DE0D13C98967A9DD03A2
132-North-west England.txt,CAF9F6F294519509736BC0A3BF518CFAC3E44FA81D89547A45168FD6D3DAE114
133-Strathclyde.txt,A90DC40EFA5BDF838621316F6DC48C8198C3ECD18ABF5A9F0C2C08DD277D4AAC
134-Connaught.txt,35FB8910AA37D86AFBF37FE45D1A42AD0410F13D27400DB73D699AFF074471BA
135-Munster.txt,88E602A5DF1E153A28037185DB077FEFC1C20EAB0B8930985334410A7FC272B1
136-Aberdeenshire.txt,82A36E08CAEADED94DD9B8E703AA0722699BE66658E888EA5170973D2E58EC5D
137-Crimea.txt,13F7647D5CD82AB981CBFDCB6375086FC74F8B5CB1D2F4DC363377DF060C918E
138-Skane.txt,BE8FF634F25C5DB740E514BFB5F666B4B45590E55EBA5AC2553D7055E6897D3C
139-Smaland.txt,8C3AF02B2C4A49DA93037BA72056BECDB844A4A8DF2DF55D83950C7861E20029
13-Estonia.txt,0E2000F7A870472CB8A024BA6B5C990BD7A1B3002631150C089FB5A6F38C7119
140-Vaster Gotland.txt,E893E34EC6E22A14588EA7D33CC42AB140FDAA0106B91B338F46D11BB8B0D985
141-Sodermanland.txt,4D7ADCF832501168B44AFCE4E1667BCB81557BAB0CFD92DC83991598F5E801E8
142-Vestlandet.txt,ACB033B74B2DF2E00AD0CB53C271C3CFF6A6E0EBA110605D665BA7C874703C8A
143-Midt-Noreg.txt,F436931610214E00E627A9EB5B90DB573E45473D8F725823598B4601C3A17354
144-Nord-Noreg.txt,1D3596ADDDAA6A149990CF65FB747C9C8087FD45157167C0A14F586DD1B43AD9
145-Aland.txt,2A59759B62519460434FD1945452ABB8100B64180841D3AC513F6E04984D6CB1
146-Karelia.txt,5F1B53BEDB28B81124DBF0ADFBED2D35DB49CF87F02E00C88DDA9141B22C6B2A
147-Salla.txt,3F2F76B13CDF1D0B239823CE90A4CAE44918675C3709059D78EFEF114F14A9CB
148-Lappi.txt,06BADD6D7E819040B4C4FC31C2A5F5627ED8439041480C3B99243FF6A9D10D50
149-Vaasa.txt,02EDE10B19FE8501645F3F8327DA0F8ADBB09383BB0B3F8E16792AB4B31C0393
14-Brittany.txt,CD6D0BF7A40F4C4A6E0CECC15BBC4AC906032E1EA1B6ABC35598094EDBD2E950
150-Kuopio.txt,875EB830FB1908A36E4D833A6508C1CF9AEF29F8758963DE0CAC57636DCE6B3F
151-Eastern Swiss Alps.txt,74C28D6F7FCD2207E72B86EFB12564BE7117F8066B733750EC2F2F1F8A37EBDE
152-Upper Austria.txt,30E1AE775051D3098EF33ED78BA3EA1E7B3A9646F094C38FC999A784B0600229
153-Tyrol.txt,E290DC038BF2931D7EBB1CB6DA75F57A5C4BAA523443301E3F5A4287EA21228A
154-Southern plain.txt,51E84213F4CDC16D871893FABA919919F7186DE7C9483BD487E05938F6F42370
155-Western Hungary.txt,83C76162127D530D8EEC0E41D5D628737A0A615E7652EE9A443393FE63A3814B
156-Calabria.txt,DCE43B792986758DBD31BD982C2D25E77ED47AEB04E63BB566323B6397078086
157-Abruzzo.txt,B346DC17B25B2A7E05F33AA29E2358449368DA4FB34EB78A976C8422DC1B6D08
158-Piedmont.txt,EDFA063F19783DB33DB2CDD303886DF915453B2563CEA4493B7C1A1AA1B4C336
159-Lombardy.txt,A41BFB5FEF2214A5995B076B8F77A16E037A2079219090F0E4771D011D5FB08A
15-Normandy.txt,66098CB2CE36F6FFC7809FD089FB8E68C38E08797A9FEDC312B90C35DD8FAA3C
160-Veneto.txt,D7B021F295960D389361A8EB4959D14A3A7786229AAB463E3198508C61642A38
161-Emilia Romagna.txt,4EAC73CC49418AE5867E6A936CBD22D06EF34E0CDF9558C46176ED36A78039F5
162-Tuscany.txt,29972FF558BC9FB819B68866F6B8AD824EF0CD2E196D2A89C78D396E6FB3E7F5
163-Dalmatia.txt,1F3F964F58226090934011EBE9C81879AA8FE5103F729ED6FD05B116934F8213
164-Dodecanese.txt,12FF59B232462B9DF2BECECB7455E62263A6AFB5F4716BC146C28F679141D106
165-Catalonia.txt,E8C3207EEC87F3445A4357A24C691AF3FADEF3D995DB8F1AE76E7E6D1BCB4F51
166-Western Aragon.txt,66A35F36F1DB8C2BC0BCEA373755E6E4CEF2EC448B1921BFC7180C1FF082565E
167-Valencia.txt,7B6EB1FCA08C97A7624EAB2EE89EB1170CCF63C3F3213250E1C400590ED8839E
168-Murcia.txt,9776965A97D38FBF8726A85373CC5FB34E198842ED5ADFD1816198CB9270FC4A
169-Sevilla.txt,824E498CEA7553B2DCF8E149CC2EDC6783FE596D843CA0B06290522BE1CF7CBF
16-Ile de France.txt,C859429DA4B18B174F882D39BFE9DEE836FF6CA8060D5297FE8572108FA47A32
170-Extremadura.txt,58DCEA0B2C5D4170813B7481D124FCBD41F99D605E8047E04F83382EAE1467DD
171-Galicia.txt,244B862640A8FAA0F15E1F900DB49C041CE2D0C982E330FE94A3CF3D5A920074
172-Navarre.txt,13FBF8E29FF0124C9FDC698E0B6348ED13FA4F5C8CC253410B07FCA4299B51A6
173-Granada.txt,150415DAB095FCF8F0F5EA367559706678BC9CFBCB9284DB9ABE3167BEEC8A50
174-Leon.txt,6281A520ACC2455A10E868F62A36559CA28F4F2EFA209689DC32921350DEEAA2
175-Ciudad Real.txt,AC4AE9283F572F1F653CABF3A28836F60C1B1D2E6FD8CC0D2179A1E32F858851
176-Burgos.txt,4851A220186655518011069C9FACAC5C9A4EA9B10211EA5E9663FDAEA48455B4
177-Balearic Islands.txt,59BC2250CB692A379355EB822E6246DAC9E4233314EE1CC3DC20689074BC2BF5
178-Canary islands.txt,0CF30C5167ECDE2F7C1973085710B8D201E273D9B994EE98520EE0F0236AB9CF
179-Beja.txt,F7B8607DB7517B8C630D7E2FC19D2290B54F072A7187FD7134C281CCC9D873B7
17-Alcase Lorraine.txt,6575A2BB8A36F920249D4BA15F0993A546F004A6F1E62D3B099644A36174B369
180-Porto.txt,3E414EE66274B0391D3F787438D0A7A1AC1717FC5A0F3452EEE0EDB37097925D
181-Guarda.txt,DB70E36D87E0287AB7D6AF5A22726DB1A1A9242E4BE3B93CFFB5E1EDA3FDF9AF
182-Crete.txt,1A7D5F8910EF0A813D9A94EC149D94709D2877442BC2BE37EE131641AC3EAB60
183-Cyprus.txt,3EA6EAEA1EDAC00CFF8783DB753953CE873EEFB331819CC15877DA6E2CCAC5D2
184-Thrace.txt,F335DCA7B2312BDF0A00E9342B29D596A35F8E9BF2C6D9F52EDA7B7552768EFB
185-Epirus.txt,5A8214E7649F9582308997DBAD2BA6E46F4EB9CFABCA6BD986A780B6CB71BF99
186-Peloponnese.txt,E478E19BA21D46E86E94192C244F67E73C6C2F6782F143E888A66A591147CD06
187-Aegean Islands.txt,8691AC408211FC0543ED3B23B6E3B7DB7B1D067E031361B75DF956A12944E4DE
188-Memel.txt,B9903FDD1BE52370C17C160D996981AAE1F3CE3F321BE81A0ABDE0425B40872C
189-Kaunas.txt,134910AEDC5A7CA48CA7AE483EC2BE18D8F2DDE62FC94738DABE37EBCC4A8C5C
18-Champagne.txt,3261B85F173A3F09281D284AE3F0F65B74C1530367EF0B450E99DFF08329DA3D
190-Kurzeme.txt,4E9A82D5916BD1685CE3E1AED25E64466603F2B1A2BF3160806599CBC5E7AC80
191-Tartu.txt,CC667E1C8CD8B569D7BECD9D829C089C45108016FE4F4EFC2BFB5FFC074DC85C
192-Odessa.txt,468A167FC424D3534E29A17A7C2933881D1D1A05BFA720F01C92B1B8916BFE51
193-Kiev.txt,2109BF7DB8C140ED108CD50FB802486901964A76DA88E3E32BCA50BD3D2678B8
194-Pinsk Marches.txt,6EC23494F71C4F5AFA25AE4B3A1C52E27A6DA496DAB91D75B01DCA4C31651C02
195-Leningrad Area.txt,EE07A0233E890284270A501EF3A00AA11563BF22B2814405868AC8234A0834A9
196-Kherson.txt,EB245018307453F138AA45ED12D9DDAC41CA80DAACB1B579102A7829528A04D1
197-Mykolaiv.txt,D0AE8ACE4851E22609D4ABFB1CF7EF375E268D47D2EE8A86675133FD866CA961
198-Vinnytsia.txt,B217C4BBDDDB02F75D100589C47F37F07C334C485264DDA4A659DB4A09190F8D
199-Khmelnytskyi.txt,591F87E20BE575FFE7043238A6EEBEB750319F2D5CE7B983EDF32D1D12B4D525
19-Aquitaine.txt,935E408862F6A564701A1AC67501A695DF7CF942EA681335802B7B774A5D0A4D
1-France.txt,445EB44BAB28C76B55979CD7D699BDF1FD17655C55CFFF5C9A29CFF1C7161B6B
200-Rivne.txt,CC3977859535C50BB31D3C59D45D8574652341880D78CBFFAD8EE4F4FA768118
201-Zhytomyr.txt,26D7FE88E60703BD53822838C39667A6F26CF0529CBB3B67A065FF2D9C53A365
202-Western Kiev.txt,878006F2D6D81D6B294B64651D365C659CEA269F349E28C24B91CF9627A026A7
203-Cherkasy.txt,180E44B6445B34EEB1E5ED2A227749BD2050BC56FE440BE5DD90C735EE2C90E9
204-Brest.txt,6ACBA4DF36C789452FE507E56AF7B0A20AE77E7E7601A4069690E3AA30526CA2
205-Hrodna.txt,6D17425D63F267C702C95D19541A0959E369120C6E810D44F1532005BBF2C265
206-Minsk.txt,01A89BE242B4DBA5A306049DD3FFACBC0DF63CE8D3D00B347BA61416B869DF93
207-Viciebsk.txt,004A882DF11CD11193B3F3D667EA8DAEA191B220FE474AEF411F28CFBF1423EB
208-Pskov.txt,B157D00C8BDF3FF557E8AF1403ACFCBD71A2042BA9EAB921751CC7BB942F51A3
209-Smolensk.txt,EA71CA3846E5B4D877438B51974A654C621930D85130CF042AB217F5A6BA0573
20-Franche-comte.txt,6D153AC2B97AED80323155B16FF1F3B2901D4FAD23CBAEC853CC885A064C8E7D
210-Bryansk.txt,DAF7D6EF08A0B21D8DC8E55EA76ED1267DA38C4A0EE11F69C75F58DA0E5E2400
211-Burgas.txt,0D1C4D021DFD316A4FB23C4DDA9FA88836AAD1C3D53EFCEB80470D032933E9AA
212-Plovdiv.txt,5CFB8ABEEEA646A83AC84F8F0DE7E86B5CD88956042B68B6CC232CDCBE7BB8F5
213-Murmansk.txt,3632913BE99B8880B274553EB2BDFB414DEDF117693C851231CF781A2CC03BEA
214-Arkhangelsk.txt,20B40E63733CEFE8E1273F17C48CBFB54E6A1959EF8512DDE31264A58C7CDD80
215-Eastern Karelia.txt,699525EAD87846CF0D32016BE31F108F70566DF9878B979017E7A51147B9BB79
216-Below Zero.txt,A04AD32162C7925251BD465891970E00647CAE961360C7AA7638F882AA316C4F
217-Stalingrad Area.txt,19B916BBA931C851EFD9079D2A6943BC252D8629DC136748FB477ECFC903137A
218-Rostov Area.txt,6EBD63E224F6DE27C1A1F4CB4B0E049103A0BBA23E0893FD35F385E60DEC5B70
219-Moscow Area.txt,E736039B88EE51E857BE5C5D9859B46755D52A0C285B5655DB1FDE910B54805B
21-Bouches-du-Rhone.txt,35626368699EA676EE5C573425CA10B6442710DE090EFFD21A90C6706EB15588
220-Kursk Area.txt,9FA3BA3472311398A27E0581CD482C40FF9915C2AD5C0ACBE98A664D83939EA3
221-Kharkov.txt,23799D6BA62A3431A3D9A10328B9394463057E464110C6BBFFC909CA9BEBE514
222-Orel.txt,B09B0FD5E36CA9FF29B7C61998FBFE03833D8B0CEF21E2598CA9135B9A2A8A20
223-tula.txt,EB54098FA36DDD8A9FA2B60F59C491110EE4D323CB10F9A8E61C5F7E466B4834
224-Bryansk.txt,EA915E7F48261F2083F0501EFF80251371DC0CA7DDA6DA5E3FE6D8402E8DC789
225-Glukhov.txt,DB5D2A285E01A7342D6412644D731D1D2A4FCF9DA876DEDC5C10F716816A3D26
226-Nikopol.txt,87437BCD6AC6CF9A89DA9AF72C3F43E38968A509A1A2B0388967CDB9338C2447
227-Stalino.txt,E9E838365F71C1699FB8541717BBA0D19D0A87EEB3416ED98F6D1BD0ED5CAA93
228-Taganrog.txt,4D20AA7893DFF1606676B619435F07CDAC7D8AD8F68CCADE00DC3032192E91A7
229-baku.txt,F7AE72A8A6902077A0F428A329D8E81DB8CA67FA6152DAA267872C73612ED8B5
22-Roussillion.txt,75C1CDD9DC6F0337E69D1B61607524D2610978F6F572EAA5680B6384516972FD
230-Armenia.txt,E962C434B35CE20EBC481F1DC116AE95A0EAA7FD3A3F68D95984999A02259489
231-Georgia.txt,64F44586F6BE0C08E4F16C5B544169F034E362E93CEFBE874D68E0956C8705A9
232-Grozny.txt,1667752710D58EBA69ED3526205A8058D98C5472DDAE0BF1F3DDABE330880FFE
233-Caucasus Mountains.txt,066179F7057D97F4A8E160DEBBDAD5E7AA673E54061DB6C7E5B265A9E901E6F6
234-Krasodar.txt,B253478DFE6CEDB046E21A88AEF49580DC981837A9976CA632E0AA9C0AA62B43
235-Stravropol.txt,57D747BF5A267117E2447355B5A5C4A09F3A7A1E39A71BAF09D5ACDBC66C8583
236-Astrakhan.txt,F76C7A2EFE3DDC1BEE72E39CBD342A5EC38F1737FDE54F4C1B889F09BECD027B
237-Elista.txt,24935C905C94F2BD7947E15B45AF96F0B309AC0DF3CA68CAEE172FB177006F6B
238-volgodonsk.txt,AD5BABFFA4BFA6AD15C596ABB7D2EA26EAA88064D163F971EC10E3EDF0496080
239-Saratov.txt,C0102399E95487C11BC7869616A0EDF456716A2A1E3C12D718FF62013C7EDD9E
23-Poitou.txt,C7D0F837D7A81EC08CAC56C824FAF69B0F2F61A1154C8A1864C4E45E645FF151
240-Voronezh.txt,8D5CF2F8425F5F3BB0ED82B534F5DFB461DDEB8989FF82812BB57B482659A95B
241-Pochep.txt,F26A96476CB1E16B66F02CF7120676514D66541B6579DB6F1AE93833C52F036C
242-Smolensk.txt,E1B3F5B76A8A3165637F5D4A187CE6301FE9010DBCBF0CD973B8B253FFB40186
243-Roslavl.txt,31E00A5F1E0DEA98FE3054D1CEFC15F2E12C631AFD948350809B6B326DA625FE
244-Gatchina.txt,F7C86C663C941EE0FED0CF13DB1F613A645A2C986862B7FC21F9872E3F9C1E99
245-Donetsk.txt,0C3FBC95B82B9AC89AB4ACFF2F000A4D9E7A822F644306E8ED1C96823E3B4FEB
246-Rzhev.txt,3E866742D20F4E2C9500B4149AEA77478EF29BF2DE91B16C76CD6D7B1697AA92
247-Tver.txt,421AE91987179FC12A542508E8EE13124BFC3142F1FFCC1055339EA9F45DC1FB
248-Yaroslavl.txt,B8B83AA6AE2DAB9E5A2E80EBA8A5EB9DEA8893BEB1309E381E51679EC188C25C
249-Kazan.txt,5016B4558416ED4F5D7CD54925DBBFB672B8E0BA1C4044D1C07BA537574F852F
24-Centre.txt,102F241F44E558FE51E4E4DD894254979E16F8702123C260AE6E779A178738DD
250-ulyanovsky.txt,F6668C308883C39F0CBCC04485AF10BF6DB8289ECFF96133D62F6673ECC42EBC
251-Samara.txt,85AA94527A6489CE3B106FADA20BA51E5366AFCF4945A57812269FFFA03E3B09
252-Nizhny Novogrod.txt,873A830713781EDA91A67473367409CB0D8B27A57CB0C926BB2E8B8F58413255
253-Ivanovo.txt,59CBA3BB72097377280B4F0599CF5D1E5756DF9A1EA02B75A4BBB2AF0CB2CEA5
254-Ryazan.txt,C57CC5623C68CD7009D3D177895315CFEB18460E98B37CA28C1752F604F15F17
255-Penza.txt,6164B468E6DF00387DED7DD08D49958DD92CE34E6029EEC28619D08838B88EDA
256-Cheboksary.txt,96307211560DB49F9ABE83BB8A3F01D10EC9080754A0734D6FBDBD7217673857
257-Livny.txt,1E530100FA66F1304773FEDB8DAD68E6D4ED4D18ECD51B5DA43B60AA3D4135EC
258-lipetsk.txt,4A72DD2C872FC0DED367C3B4DA4FD97F274DC536D06EF9AA5FC7DFB8FA693E72
259-Liski.txt,79AE011FDE28792442B521B4AA702BA5566C0286691796C3F20F1C1D7B0F4F17
25-Limousin.txt,BEB626AD852645CEBF2CE0426D4E0C13912028DEA399EF2B90DCA7E1EA2F0B40
260-Borisoglbsk.txt,3C433767AAE72B5F9F676771E8E02C4A3512A4DF2B69A56F6452C30F3156D3A3
261-USA.txt,13BCC0CC0ACA3E285C4CFEE2CD135F12971263A93F7F6F5191B9756D4B9E95C8
262-Torzhok.txt,BA27F01EC85368E039D3ED927BC5F82B760463D182180F0B46374C201BF6FDCA
263-Veliky Novogrod.txt,2354AC0009BF699EF95F832BCB3886F306B5D4043C54F7AECE581FE6E4A65E00
264-Tikhvin.txt,9BAF7240D91A3498CE8E4E4F91835ACD835DB719D0C741F3AB691DF2AFD2EAD7
265-Mikhaylovka.txt,C6552C3492110C57BC76D3EDE423DD261DED88A2A3E99FBB4F911E2E1991F631
266-Persia.txt,A928F765A9ACED8949BB4E41AF6C1A457745F5F1CD18306637312D7093A0CAD7
267-Afghanistan.txt,31610C6187C044DDC4BFCC74BB4419716DDA12FD87CBDC6288DA15901977F30F
268-French Somaliland.txt,764B7A7B3E46AD52BB8F3946703DC05B8F453652231CD9773E25952132C192BB
269-British Somaliland.txt,E20BD0FEAD2CBFADEBAEB9BD7C0D136A7CC5AE7BEE9F0B55AAAF883A1E368638
26-Bourgogne.txt,8CC61598046274A4B4D4B96C226FDA3F7F7C70705CF32F26964E23DC5FB7CA0D
270-Pitcarin Island.txt,9690A08EC05CC3B4EFF22123CF5D8903147B272980962CCA70CDF955B3C617D7
271-ethiopia.txt,3E25C0C12FC4275A595D122C5986BB5D92244A6129357DEA9ECCE51D459A6A91
272-French Africa.txt,6F70A919613E7265AEFF9933E9682A9406B779957453B08D4C3EAF03CE487951
273-Italian Africa.txt,CD8CD683F93CB2FB96444377872B1003D68BCEC2A7FFD6C7142D7987DA0B6A80
274-British Africa.txt,98E0CB3695C368918836AB5415E853AAC42382766C7D3B671D80C10317D03036
275-South Africa.txt,21DA634E64E9F25FD6CB68A569DA0BC521E1B5B3CB45E8CF03CFB3B4F3047FBD
276-Canada.txt,CE0C7614101789B333F1F74123DE0757D877AA2305ACB8C7EEB87E128022F99D
277-Mexico.txt,96CB8BE5D64D0AC6D08094099D75C77B91F757E55B16BA9C6F119F59092D20D6
278-Argentina.txt,B19C20839C276DBB63483D61EA5EC5ED6574BE63B60B5E021BAD12540F371C18
279-Chile.txt,735D1B6C27359DDA1CFD1AB2D17E5EF6BD7F91FD85D85B174E1CD22AD89D5329
27-Champagne2.txt,6A9098EA7CD3E190BE9EE61D8592AE24E96AD00C99E5C40E79F1A4479EAE1AA3
280-Brazil.txt,09CCA4C05611CB809268114B9B2D7F10DC6FBFEFAC242A377B74973E8EF91FFF
281-India.txt,2706974CCE031D28E80BCAF6224F2F28FF3474BD538EA4C17EABF6169D3147D9
282-Japan.txt,AEC935EA931D8FD49F206058DA6DF8D2E1B1C54F9C8FCE585997A88C7948B8D8
283-China.txt,EB6422245DDDF7EB45482F06F5F2D0290D82373BDE95471328D01386A0AF33B7
284-New Zealand.txt,0A548E231A1199FD11986F1AAD8889FBC044129EC55F5C7FA14484EB54E9FF0D
285-Austraila.txt,8054D4F524BC70ED202F91AF7F03E685F87388C58A4ACF3D8C19E475E951F699
286-Indochina.txt,4F35534459A594C2ED983199A103DA8C43FC2C45C041C89017CC4380CB94AF8E
287-Sinkiang.txt,6C0C9C391C4A307A60238A1E1B66BEE5C17F4F11F5BF75BCC339C98E39AAE0C4
288-Magwe.txt,4BE014F2D07293850CD3E20C728764618562B4A60A39D54F37BB347CBB2F9B83
289-Western Siam.txt,D8D67D2195D680CA0B8AD0B6ED4A4C2BBF72A8134DF6BB9C860485A6A34555F7
28-Alcase.txt,1510374B31FBC8AEAC6D012D804E856AC5F14C1DCBD439D50014F04EB0790BC9
290-Spanish Africa.txt,6124A3FE43A62C78ED6A86EE5D8480A36ADF428196F2234580BC83A6B07BA567
291-Iraq.txt,6A119F44D6B20ECCA0E03A5DF54ABEFCB0178898CF8FB0139FD9F4604D9E947E
292-Saudi Arabia.txt,E6684E29A6A625BF7DAC0CD7586907EE25184835202F081B7EA0ECCC4FF5CCA7
293-Yemen.txt,F7FC1D37E0FA51D63DA10B136D5DE87EDAE68B28B736CC86BB2C20DA983E598F
294-Oman.txt,8C6B4FC403BBA15A2D97B10BB482B1D6C763A4187DBC30993B4104FA63D17E06
295-Congo.txt,DA5D63A2FF402E97B072CE35F8054B3FF89E4025CC554523AF8BEE2222AD58CF
296-Portugal Africa.txt,5AD05961A5C687D05CF770AF2EA869494E550C36CF178760B811C59FC74FF7D0
297-Belgian Africa.txt,558783308EF060E454EECDF9EDA0B5EB753F07ED795037BA5C834048158C471F
298-Liberia.txt,E8A267755D548A6A845B7CEAE719FA87FB56361282F97D82EA37DE7207F61732
299-Falkand Islands.txt,86185A444F2862DC0BA1B817E0C842A3FAAD642B5672A2AE891A366EA78A4451
29-Pas de Calais.txt,D914FEF518C63C8B99DFADA8B44C57F7078C4EF63E04728341698C6539439C59
2-Italy.txt,520C1DE3B26E76ADE771E928D7CF049FAC8E637375940F8D7979B89BC4599D0E
300-Uruguay.txt,F582C3A950C31039D0BDB6B6C5F1BCF83D60E50971637BF0F2B2FBA95B9831BB
301-paraguay.txt,20E0D0E17198A3C1D3F0F01B0DEF89D1919B1624F7699C2F87293230635B6490
302-bolivia.txt,89C3033EAFF2E091A36820F9FBFBB2C8522308D195E7C02FF6A92398C33E1DCC
303-Peru.txt,09C262A8AADDCD97360CEDF18D7283A85E18E518690839187F40656A5BBCFA6D
304-Panama.txt,2E9FAFFD6472E8233F93E53EC9DDE097C1DDD82DF4ECE11AA9A1593218B30291
305-Ecuador.txt,B45C869233DA4D6FD5DE0AF5CD87700966FECF4C9AAFBCA319E06FC3936C9407
306-Colombia.txt,EDF96D4717F6688175B62456EBDD34DB75C6C59DFF74F65133C9B3C02AF8D56B
307-Venezuela.txt,37F4885E2FFF4E931819DDC7FD1BFA3B325FBF8E9867461BC1E151DDA6DB0E3E
308-Britain SA.txt,78F6E4105E40EF0FA1AD9A66917EC5F64849F4393BDB8B04627C08D4CA1303C5
309-Dutch SA.txt,624929017689D281EB15BDCCFF9A2D2C9BB1017B19928C429A219FF77736DF71
30-Loire.txt,5BEA6EC7AB836A1972A3DBC9F3C0775A06A263392464ACE34502B33F097C4E8A
310-French SA.txt,324C48DEACA8D44499C16F125FA100B3314B8A8CC488A4962D56C9E4E2A05FA8
311-BritMex.txt,496ED5209B3424D01FD27B2EA1D91F40E53029C1827973359017E1D6035AAD3A
312-Honduras.txt,FCE14750A0DD4F750E6A595F9F2F2EDB0E858B1DE87CD0DCBE6D0A484D2E4912
313-Guatemala.txt,F08B720DE3381C5BB78D46B649F4A7D2D860E228C57E3D932697ADEFA3A77DC7
314-El Salvador.txt,F0F5336604AC007DA45CF18DCBE9CE2B392E78ED9CA2C657A191948A5DD18DFE
315-Cuba.txt,7EFDED2DF2AE3744233584C4405A1EC91538C3D70D0CA94CF4599EBB81FD5BE6
316-Costa Rica.txt,644F7AF5E036BC0541733E94E66A20F689FBD6258A0C6FFC6412390C6DCE43EE
317-Nicaragua.txt,ABE9710897313A2A5718B60AE7F4ED89C34C9596909096FF1EDF4936F454DAAE
318-Haiti.txt,5CE693FD9E1EE2F71702894045D76A028A084245722979E8F21DC48E9576DC74
319-Dominican Republic.txt,F069F0299DEB9EAC5A9D961E34D93FCEBB3B72E7E55DEC5713A9377F9176922B
31-Midi Pyrenees.txt,34E02AF2B1BCC9CC0BD374E8CB7B43DEEDB7FCE68E1E52ACFEE693503CBF3145
320-French India.txt,4CB6333A9410DBB5E52D5992C6DE2CA5C018472B43AC076EAF90BF19FE53E974
321-Goa.txt,81701ADA83D6BC3DA7B0D6E6CC66B3775EC5DB5A738D1915E8E5855AFC827642
322-Tibet.txt,E347E9770D7233D8ECCBDA0620E71C404E36595DCE34518FE838CB89277C3F75
323-Nepal.txt,FE54EE315AFBBE82802179E8201CECF79F34F662112A8AF87204EE3A76EF783D
324-Bhutan.txt,6AD1974960BF8840ECACC37E573F67A36710B49E4FDF4934DDE2A0FF4ED2AC8A
325-Yunnan.txt,108719FA587B0BF9150845199248B0B9A709D608DC5A2DEFFBD2FCA1AD1E7066
326-HongKong.txt,670008CF4EB3B74D807A52A2A85A92C242E34C0DF4242E7E96F3D0E2B39BB60F
327-Philippines.txt,EC5B252580AF64A51EF1CB7F28C7E72ED4703F54EE825E1135A0DDDCA502714C
328-Manchukuo.txt,921AEF182C9D5FC8BD4DA7798BF346FF33017ADBD17CEC4A5170AA4ADF889F78
329-Tannu Tuva.txt,CD2C3CFC27EB9F1F403BBC4990B9AC55901F25A402E7AF199D554CCED8A4B500
32-Rhone Alpes.txt,97A2A521BBE6C10536030019B52EC64EB142970F81D0CA1B44D25A78B7CD8EA1
330-Mongolia.txt,E8127A1B0C56E5A3BF130B89E5B71D6C99C3DBED0A32B40D4E922E4BB00E2793
331-Newfoundland.txt,2E48894E6F098073E4D1E6784D1C6546A171BFFCF7069802093ED356F180F8F0
332-Labrador.txt,21A0C792EB0FA76FAA04194D83E889D73BAA6FA7E1D558B5BB7B6FC387F8F337
333-British Borneo.txt,ADC4FD15E8023EF0596AE96E3650AACBA227A7D3F6D6437A1096AAE27932B011
334-Kalimantan Barat.txt,1F1B3BBF816563805D845B51B27DC89B42262D17E200E022C85FEC423AB1E0A3
335-West Java.txt,9079BA59CE407F1766E467D254562BACEC6F8A2E3E5E8934D57BEA7AC1131663
336-Singapore.txt,4E61F5C856A81F476621CA1B87C59A098876578E097069CE6E2687B838AFC1FA
337-Faroe Islands.txt,62631219E04B45B29EA53774D66B1D3DECCA20AF5970C24987766F800958A523
338-Gloucestershire.txt,16515A98FE709C041131588F8EE73F233CC1FF2D65254DCA1E0C09FFB48E116E
339-Izmir.txt,A2BA42CD7B01F6B2E6AA1370A5AD0E2D7EE09FBE47F98F364E35FC017C0C565E
33-Centre sud.txt,9E4F2AA48721905C95905F2741E4D84EBE61863E7E6320BFC0416131DB9C0C75
340-Bursa.txt,F671522C8E53A75045A351C822ABE52BD7B1EC1ADAE7B1968B935734DDFBFE92
341-Edirne.txt,FA9F6A2ECF684114CE929FF19C3D91C189AB27898B5723D1FBE5F67438C8C035
342-Antalya.txt,1AAA967D02477F17D025E81B6094D68A8D86E5FAF4F8FC8AD499F91A988174CF
343-Afyon.txt,CAB10AA4F321D138C3A70A54191A725A74C3135DD2B90CB33E154F46038AED35
344-Adana.txt,A72D60ECCC5DA329A2A132DC91C55875FC9C6192B3470F825C2DA364780E366A
345-Mersin.txt,38BD456A20306E5014839C4D968629270BE42BE52BF0F65630DD040CB7AE146C
346-Konya.txt,D104FF371B780BD9FBC372DE8D1091ABB8311D9960A5AB8F39BFC2B1E185337C
347-Izmit.txt,A0406484BBEBC27ABF7606FE80D1F7A4C09E0E4775EB135B46F046015C1CF22C
348-Kayseri.txt,F486DBE2ED3A539963259869A714AB307C9DEE69C61966FF0538BF75B1607738
349-Silvas.txt,8D60A991BA7747C14C1CB979A1705591CFEF7C6FA1F8CE6AEBAE5261CE299065
34-Wallonie.txt,8DCD61C5DCFDC1A85AC4DA09844B2D66D46981C770F869A6D60CA1558EA40921
350-Diyarbekir.txt,9A898842C9CEAD2765864152BAA718E89F0E48A0312F1683B3CDF65219B4B8F2
351-Vologda.txt,B74AA7AD369B8B1465F60B8F8636AEAEB9D3E16F522925FBE97657E3C9993167
352-Hakkari.txt,DBC9089C85DE536BD7E0E6A1E2A467A31DEE55F3D49362B1FB4B4D90C07583DF
353-Erzurum.txt,23DFCE35C5D35E3A1038A5F1BC0018B115433D7DA9D97B2652E6BBF2D313F5EA
354-Trabzon.txt,FE49A05E5208824ADF8B436D154CCFE4564F2FCD91808976F2738110A0833BCF
355-Samsun.txt,26F1B0F83BBD05FB4E2BAF75A72AF7B15842C4AA4D6D0B9BEFE36ECC67AB479B
356-Sinop.txt,E5F57500F7A1CAA0EBCB3A67F6323C56E5EE0ACD0ED9046C0985BB448DCB845A
357-New England.txt,C6E6A51880CF1B89946A0E32A4EDD8667E3A66A653A55EA15A28E8C67E91D0D2
358-New York.txt,B95A596B865BA478614B5F7E52BB702DA9F74825D361A8081E912BBBFA276A6A
359-New Jersey.txt,0482104E16DB57A546CAEDDF497150A411DA368D9896C195438DD8F83178AB04
35-Gelderland.txt,E9BFC6ABBF4126E6389DD6D8903DBE78D783820EC18AF2E239EAD555833629F2
360-Pennsylvania.txt,DB856A8A59B6DE3F28270C83E0515AE09BD5CAC9053C2746DA4A08BBB8682694
361-Maryland.txt,CC357D8B8A6645B9C666CC381DF13CE411ECD9B7600328A45CBDC48CA4232556
362-Virginia.txt,E653BCB9CBD2EEF10B20670775AF1A12FF0DC1182CF84BA66B6D2129F901307F
363-North Carolina.txt,EF1D49B034D01CE25CB4420B6C34B56D66016E966B1AE42B78C92C4FF2DC0BB3
364-South Carolina.txt,325398BFBF4BC4FF2819728369EF28729BE0C6DEFD47881445F6F249C57DBA5E
365-Georgia.txt,F500971DD02E362A588A62FF91C795F93683987E034D8332C0D4AE8903C40CF7
366-Florida.txt,E1040651E4C601C57FEDE5854D995E78367599D19C8F81B6F77F4B6B8FE1DD37
367-Alabama.txt,5E9FDEB2F49C08E56F5C53945647838CB975BA7A7E82A051B1F9C14C011FE9A3
368-Tennesse.txt,607080128E953C4757F3B8CD2BEF5403B8791EA329AB5B99FD69793C329F82A4
369-Kentucky.txt,1C830D6BB9DD8E6D3351C591CD83A8E42ED6718C0237007E636BE2D8E02C56BD
36-Friesland.txt,9B34EF9A2E88889CFE628A1F255DC370D14A2BDBDD86D6F286AD0C0CAE3DBF88
370-Mississippi.txt,30AF900395DC81C5AF9359D5A0BCBC0553C4E2E476B0F417EF4A43D136560303
371-Louisiana.txt,4B3164FEA182D1EF2E887ABB403789803DF0E050D9556D30A64628A4D0A6F30A
372-Arkansas.txt,8CCAAB91838F7DC1E28B078CB864A3EBC5BF3C4260C97D82BFE080D953B01CA6
373-Missouri.txt,721DB9D5E59EBF9F7C48188CAB915E30C94223DE543BC412001FF118F922849A
374-Oklahoma.txt,CC4BBD131F79B7AD1C26AA454DF31A2FE42E1421C1DA15D8D1A32B4EDB9B4F2E
375-Texas.txt,B81A601F49D2D938D50F3CF7D3196DB390113B30AFE59E8C0EE8793E870E5B23
376-New Mexico.txt,305B9A5EAEC698D1FE90B6F3CE421A5DE8B7DDD6E2217890E799C969A2C7B58F
377-Arizona.txt,3339CD1CCCBA35A2371D43CCE99BE70ABD2F10ED4F90EF88F4362BC6D8E91A38
378-California.txt,44A812131DF5010D680ED3443DED9009A6897A8CFEE2C53342054B7D55F455B0
379-Nevada.txt,8C097E667EE74C158EC8895DED833A02ABFCE8145FB4B37A9948D00E34813C4C
37-Denmark.txt,65D407CF5A01E95ACCA722A1BA46AA01DCECDCA834A6C40B156D695EB9D9D0B5
380-Utah.txt,EF0346C1F4734B65B2F60D15607921BF5EDA98BB28197BEED45D450849374F83
381-Wyoming.txt,55C91FF6FF64E39632E52D382406E74099560C58CC2AA386D9E0C19D25684268
382-Colorado.txt,2732E1D258CC34A5D06B925DBA7852273C47B998635F6FFA6C642C9A351A4870
383-Kansas.txt,33EB456560A578FBAB76392D45AF410927C480D1C80CBACD6588E72C1DEFEC19
384-Nebraska.txt,E16972737085C9F03D3C39D619074480FD9C897E00EAC3C6A9AB1DA7C699ABEB
385-Oregon.txt,EED9F0E3195BEC68968F60F600CF201FB0CD24EE19054B42923B52BAAD06075D
386-Washington.txt,88B0DD6E7A5089B4A9092ADBD30CCBA19463EFC0BA3351D95889F7008BB7088C
387-Idaho.txt,423B0F8D3B574D643DE2D43C5EB952D34CD9832FD2D953B3FB69B208B7D6E87E
388-Montana.txt,DE845544A6F5ED7EEB05111AACE2230FB915906003A564DC4DF70E065628B27B
389-North Dakota.txt,F7B29D4E6CB67F051A90D26B208FC3D88EDA2504E01E31429D098DC08693B851
38-Sweden.txt,240992C7F80E5E08171D742F2582DA5C1E0E1EC0B6716B47072936237E06313C
390-South Dakota.txt,0F534E9613FFAB62723F40CF5D1BA8D3CFC82BC58DE00768BB7B1722553DF87F
391-Minnesota.txt,DBBE0C91177F7F7BBCCF89C435F100622CCC836BBB8B289573263D0DA87C6D42
392-Iowa.txt,F2CFA3D68CE6E4036CE98735C3086DC20DDFF1F81E1FA6F3D701F97DAE57F347
393-Michigan.txt,B5AB5AB53E69BCFA46645914A5DD4403818E06CAD8491563FD1A88B3B23BE78A
394-Wisconsin.txt,9FE77BFBB900F73F00CCB65A51B6A5E45AD57B9738C8E1F0A89284D6B58C1E2C
395-Illinois.txt,3B6FF0E15497260FD403E524C258027F5DC4BAAB51B2577F610BEE46B4AF5151
396-Indiana.txt,7A63FCA9E27562D3EBC98876032BB6B4615DE0881DC83D969D9297A3C51B0C00
397-Syktyvkar.txt,DC2BC9ED7698F80A474E1149A95A287DCF7E67724781D9CC7101D83D8FB2D81E
398-Perm.txt,DF92F51464E9B1248E5C116EA05BA70E232F3586D36FB4E8CBC70FA7915E0E36
399-Izhevsk.txt,7E91B2852762B9FCDD9DB290A9F440CA24E57C3C884F69C72314456800A2574D
39-South Tyrol.txt,E4F9BF441CD80D514ABC5728B436714D379B0C9DB440B0E065C0E04E82999465
3-Swiss Plateau.txt,943BB2AA8155D351473412DBDBCBAA211F66086B3714FE09BF8CEF15435D04CE
400-Kirov.txt,1CEE94AA20E64AC619B82C3D7639AF89321C21784B3586BD0262B7A09CBE2B1D
401-Engels.txt,584B36CB66842D153B5B8BD1648DC10EB86FDC5DAA15F8366B48748F0515BA85
402-Akhtubinsk.txt,878D7386F90DA85738B1B0D683DFFA60074A1C914146B2D7A91EA59F896DCEE2
403-Kharabali.txt,6F425F9A30C5E42AC89885B790B159C49C047EDFB7F23C3EFE1A68D95EBB812E
404-Saykhin.txt,A1FBA8CF3A70EE3BE328AF0E449904E3776AD24FA9773C93FCC16A69E499BEF0
405-Atyrau.txt,A10E32D1D918DB6F4EE7FD9C6FEC0FFC5881356CBEF48E65342E406A02B35FAA
406-Krasnyy Yar.txt,0DECCB5AA1364266D30EB662AF59655BA6379209EF1A2CE75663748897C9200F
407-Uralsk.txt,E64F67B4AB5987789A6029E2086F6492023D8576652255648B03238BA70A434F
408-Vladivostok.txt,9984067CC921A09D035FFE268391EF36B9E84E0DF3DF5975B2A495907677B656
409-Khabarovsk.txt,EA7B6617720B0988F4E5742FC34FF7790BDFE6F09E193FD36822FDA4EB897B3D
40-USSR.txt,A5AABD9C0DE970E68E1CF94590B48BD347FD589DC9D63BBAB38614773FD17887
410-Sistan.txt,347B941A93A89D694C5C1DC85FD1504EE968B659C56A612D4278922747DA322E
411-Hormozgan.txt,25BC7E5055CF746C2A9C4F8090FAD57F5DD13EA2EAF70610A2151B3F358D432F
412-Fars.txt,57049B56604AE9E1A97DC5BAA97225A3D25B365FAD9F4BC2842364167A67A6D7
413-Khuzestan.txt,52A6B33F6C36AB23BAC9752BDAFE23F31E2F9D02E8AF66279ACD85A772DEF723
414-Kerman.txt,5D92B33AEDCFD1E65BE65F7E0DD06506CDFE0BFC16875D55153884A024570BF4
415-South Khorasan.txt,E5A711FE531BC7724C97FAC8EF53651EA95B25DCDE91AB971AF1758B9C9E6B8D
416-Razavi Khorasan.txt,60769E9566F16F9896F7A7DB32B89D91B03AEE9071521DACD6D67DC8A94F2CDC
417-Golestan.txt,547C66380C885CA8277E90F2827A7B28E68595C3B00719748DB0773A83DACB9D
418-Semnan.txt,BA1ED2A40B748819ED6731DDFC32F60A323969A1BC717A855843CF073FE93A7E
419-Azerbaijan.txt,BD25E79692A9BF9B3455B843B3F7F15B2541CCAFD090EDDA0A2B052139BAAE64
41-Madrid.txt,CF5050C4EB8EEBF3854F05BB1B096FF19E96BB3A152D42BB8242ACAC7A89DBC4
420-Gilan.txt,65CF41F02B45F249F7258070939690563EA84B6CC2BB19DB1850E0595F4E0446
421-Kurdistan.txt,FAED62BC2640E2F72C99FBEBDC7B2862A5FF5798DDF4D416BCEF30B9F483DAF0
422-Ceylon.txt,64FA4EEE60AAEF1E35671E1267881A5A0BF16E8F91F30B9B885D6AB3C81B381A
423-Madras.txt,F66BE0524A9CF39EB16709BD93E4E23B6101B7076927FB38DAC3358A9A121B97
424-Andra Pradesh.txt,D4BF514AE09CAAAA7DA9A1220297E55B437EA52799DFC6B62B646C02A482394B
425-Mysore.txt,7A45EDCE8747DF8EDACEC14C6DD690EFAF36E7721E16CF377B16E0E871C89571
426-Orissa.txt,6998E6400A45BD214BA0BFF3F127F4521F06EFCA77DC08D7EB5C8BAB28E40159
427-Hyderabad.txt,2826F532556A14B4B36E36B6551FC75ED7687191114BCFEBD01850FF1D2BEE0E
428-Western Indian States.txt,5A11CB0DABEE15F98EAB0ECFE6F28C05E2306F7E3B0A87E010AEA569767BE724
429-Bombay.txt,D8408DEADA443B357492CBE599EEF4F792C246FA75DA30223B7A3B5B68631216
42-Rhineland.txt,E78AC9A635D058AD6904BB7EDA865396AB22EF74E98910A90E53EF5EE0B589AB
430-Bangladesh.txt,6B057E31E6D620F5DF201A0BD1C8283346A77DF30D64E03F722B2B0DB1A09D50
431-Calcutta.txt,E7F064D8F31E71CF9DC69374455ED1123B0C904B99DE02DC5E0A9D40A6AC6188
432-Assam.txt,C0EF83D22B0383F72241144253D93F13179EB3C74CD73FBF29F61321B118C481
433-Rajputana.txt,03F4C0FA0740CA6AEB0B436D195BD8DAC5E08F8997C4A1850EA5466FF37FB28D
434-Arunachal Pradesh.txt,05FB5025A92B497671A505435DA51F9F4943908CFDF847E376865B37C26094A0
435-Bihar.txt,6BE2C9E89A99DAB304454C29C267426A1C2CF842B989A652DF62547D652DF7E5
436-Central Provinces.txt,064A1A2B4CEA315A8594F99A603C91AC592DFB61CC6A2EB5A7B48AAB45C24126
437-Central Indian Provinces.txt,61ED6E1EE71B3A5D41874BC7988EE4CF6A53B83D609FD4548966E997579B3478
438-United Provinces.txt,1E950F3B4BE4DA1FCD8E9A4428D8255496A71A69086C53BD7794EC9FB328A2CC
439-Delhi.txt,132709F59B55757EB62E1B85D97120DED2901A69F7B52670302D7BB7BD3BD5B9
43-Hungary.txt,402C5CFB54DA0F2F2375E5478367DE55381156B70F74EC80B8B838667F18A3E1
440-West Punjab.txt,7A9DAEA23294E28D91593127DB90C5CF955E68E1D71943A04EE767CD3D63A4EC
441-Kashmir.txt,D9B620C3ECEC8160CE53D5020BACC9ACE299481FB1E9CBF88C4D6FC72B8BA1FC
442-Peshawar.txt,49CCBFB96C55A5BC4735B1A3702E99DE55576DC21CF8A152A799EF0B220A2A92
443-Sind.txt,EC9FA3669D7905CD5A7F0EB2C2BDFCD584216AA31D791983F8D9A3A868A2FB7B
444-Baluchistan States.txt,AE98F26B5E0E5A9C13681CD495A3F7EEDA7DB0FF5F7FE93FE03B466B0EDD83CB
445-Quetta.txt,C3B5488B33FE0C90BB5910A1442B2BEEF30368EA277841B3606E960D5B9E0D6D
446-Cairo.txt,9C27DDD8EDE18C165F999927DF8E5300CA7AE2331531901AEA12FEEE56F2C542
447-Alexandria.txt,71795CF33F5EEBBD6A412F6E04C3A0921F7E7B6B2A040639E3A6B32537BF53BC
448-Tripoli.txt,B400139205348D9641629FC860C248776A3CEAE78A9C9935AABA43D047757DCF
449-Libyan Coast.txt,B0FFBFC354B56E9FF3F2FC5AEA0BC750372DA03F3BF4E372B8D6A21E9CBD7E0F
44-Albania.txt,600A94ABD47D8E8068D7FA07FB89FFD0B94E04EEB071CD4435EE6DC7ABCE802A
450-Benghasi.txt,7C9C197E105CFD0E5B12D07BCD91418B9A52872DFF8798A7DE2C0D5B773D695A
451-Derna.txt,7DF14B3B882934603978E305F1080D618CC87483123D03BCB68D0A45D30729C3
452-Marsa Matruh.txt,F1E987C749B8D896F5D68539D7ED921D872DA3E46680D872DEC7340102CFBEDD
453-Sinai.txt,5A721231CFAB11F352D2BB874D00F6EE21FA656BFF167302DB61372317A997C8
454-Israel.txt,8394358A164AA9424000CB6FC1F92A573641B5CDAFA4C29CF108D8708CA2F362
455-Jordan.txt,A950499A9878562F7F9065976C205FB65DA11C21344243F4648F650AC87B5392
456-Luxor.txt,1134D9BF3AB6FD37794668CE5F9B36B051D1FEB3518C146E222FDB781BAE25C4
457-Aswan.txt,EA867BEACEE616203591D969BB36C5DDF1C432B66F0C7D0EFBFE40AD08DEB92A
458-Tunisia.txt,12B6837D5B3EC7A8E31A1136BE952297F2AC1AEA7ACEFC30F7F51180DFD5E6C6
459-Western Algeria.txt,A6B5D73B0B7256D8BE101B2F0989F83AC13A9F44A333C4780ED9C11D7E409805
45-Yugoslavia.txt,260816A92B7BC3136E6FC3046CC8709A8DBD0AA766C9C48CE6AC0484857A050F
460-Eastern Algeria.txt,8498ABACDC86DE67736D51F37583DD9459A2CFD431DFC2441790CE605AF6B145
461-Northern Morocco.txt,856D43F0D58B05FFDCFA881375944A7B3CCA92D3BA089E4409276CC8FB4A4B57
462-Southern Morocco.txt,5F6D6C564A3E3F96FCBE4F8C34013B74E8D317E2DF4D73AC9F1A1DBC1B2ABBDB
463-Alaska.txt,239B1E67041B7D888403746E43C4553954269D83DA375C7D2AD29583C0A514C0
464-Nova Scotia.txt,C8DF8AC5A78A0C967430A1CC22BDCDA10AF532C07582DB1C0989F7A349C8FCB3
465-New Brunswick.txt,D3822B9D65D1573C924576AB624AC6AA6B2AFAC44355089CFB205087D3719741
466-Quebec.txt,D0DD7165E73F1220AB42814B5CE6DC9BE61F4340D3B4C87022784763A1B30131
467-Manitoba.txt,9339BFA790915C9D91F43A13029F89B9A5E3A65E1ED1ECCDE2573D18E4548865
468-Nunavut.txt,5F107B75247C1682F6ABA076539BE1F7FC0288FABA4B45720379100B5D4FB99D
469-Saskatchewan.txt,B93D1627B4CDA316BD56129AF1539E29EEC313FA224E00C3E49655EE3974C341
46-Romania.txt,DE57F6EA9CECE992EDBB7F546A87E9D005C3A72EC5B94171C23F5E94011D1DBC
470-Alberta.txt,54025F0556C37713F9F32D4352F965FCEA2359FC479DE8F560671527FC2F80CD
471-Northwestern Canada.txt,F579F487C9BD2B3B7FEC20AADE6C8CB4187673E0907D1588B7F18DE4E0F0C439
472-Northwest Territories.txt,FAAA409A843D48C779FC2B7D5C6EC9C6416A062A21D1D495A8DB8CD0C4F0170C
473-British Columbia.txt,96D851A1717FDDAE65B237A5433DF1C8CF77124C1C80C749DDEBC9B387117607
474-Yucatan.txt,012BA6D154583C30EB04ABCE7700CB1CA8AE0B8024B024C73E7B5CEED35EFBE2
475-Chiapas.txt,0A0B0C7DBAB18C4EA7F97BF370FAC35ED4D2C75C2EECA957545F4D6469F8DFD1
476-Oaxaca.txt,40AB891B90F6FE4DF288FBF17C82D7DA1DC29171A839BABB7AA1B83D48CA595D
477-Veracruz.txt,DE8727FD0462B90DEF6349B08513317E4B2B95ADF9CF67E069A432B2AD7742F5
478-Nayarit.txt,5CE4ACC0EDF7FC689EDFD35080FE40373C37D3D65837A77B09713B90049EEAEC
479-Tamaulipas.txt,9E0090B856E5036C7283252476EC065E0B1F590EFD7460FB98552288D059B2DD
47-Greece.txt,949604D183C333CD0D13AF13C8D01932D281D6183CD6F27430418BD3ACBC2EA0
480-Coahuila.txt,BA1EAFDACD5FF4CCB2D5AC4605CC03555F7E77A5DA3AA7BD17C8279ABB0B99C0
481-Sinaloa.txt,98390216D4DA7A8F468A78D9F6A17AF0E5C68238CD96DABFE6F8572D573D0CDE
482-Chihuahua.txt,C331F45546B417AF528571CADDD3AA6A658621697E3383E439CDA9A0DCD859FF
483-Sonora.txt,9A50AE18B70D392EC378ACD3C03D1B7DE33632A87F8B8D665177F3E7C89884A2
484-Baja California.txt,A12225CA1CBF76F2CA8C5B6E292484C78C61F7E59BDC347340E60BB229F3EF48
485-Guerrero.txt,366561FE538CEBB814DF1DBA7FA55830A4A01CE8330192B9A640500B21F934AA
486-Meta.txt,C4A799F5AA794795A68B9E2778BC2F4C76ED0CEEA9F69E11F2AA828D55B395BD
487-Amazinas.txt,0CC05BCF3C7255814ACC8966A293FC7ACC8CB639717F0CCB5B6F0E9A809F4F23
488-Bolivar.txt,5AF44359168C68BF94C86DB67A6EA12E2D995DFF2D733DCEF3C34C7FB4D38DEF
489-Monagas.txt,57FDF7E0A9AF09D9FA1CA16FAE4D90579B00892174F8644708C546EC8455498F
48-Bulgaria.txt,539975EDF008F0DD96F2DBAB84462DFD2F89C23EE92166E1E14817B6498DEC41
490-Pastaza.txt,7FD281963DF11B93EE79AC2A64ACF85767D63C3938FDFC5533E9518C8FDF7525
491-Loreto.txt,8132CBF82B47B469B20770141547E574AF0645A57DA4DE7C51C85018BF714B5F
492-Piura.txt,74853DA0527991E9E1AFE25404B513590A5BB9182C901B7B411E8BAB77F23227
493-La Libertad.txt,993B75D12E82E5BF5DCD7336A854D859E42F1C5D39D9EB714193F428A983558C
494-Ucayali.txt,046E32F23E20C7BDD040527045485FE57E4545159E398754AF34730113525D98
495-Amazonas.txt,017F0B6D60AEF727D8D58D4EBA2F258583568804A8EFEE624478E9176EF11A0C
496-Para.txt,DC4A85DB41D9D972DB57D28FADBEE545BABEEC573F48C8C957180B05300A0755
497-Maranhao.txt,9DA232132DFED1AEB05E2ED260D36854539476E800965B1EA1C4D72118990B0D
498-Rio Grande.txt,379E0259AB984305F1BB82CF0D2100C517DF3F92673EC0FAF272C729F80BBA3B
499-Bahia.txt,572EDFF8092AF576D60D6AFF18ADC42F43488B8FA1B9D2E5B18BE0495653EFC0
49-Turkey.txt,98D529932E3D73152B728EFB3F361A916C970AA97B8BEE72515540F962DFB237
4-Austria.txt,B79B3F18CBE82D6981B8A584C301A285925D127E998A76C2958E434E2D344D7D
500-Rio de Janerio.txt,6A3F6E45F86CC28D9B8F9819FC72BD99FFD91137956970C586C14EBFE8396A93
501-Saol Paulo.txt,878036B09178FE522B1416F96754842B46DAE47074E2A64907800B60FF0DE606
502-Rio Grande Sul.txt,159E8F7F0CC70BA679D230ACE8DC090A8C89FD914C1320CB6FE0AF0A3C187CE4
503-Santa Catarina.txt,4D7CEA8933C0DB2EEAFF8635C3FA72B64854279AF6BF421180591411965506A6
504-Iguacu.txt,3FBA8B6B79289651BE521FC7FF394AF220974E2A05563B48EA52A5EB73EEA69E
505-Goias.txt,4FA281CA8043BB3D2DE5A267D413B49F115B339A6FD19445457E36A59D717F69
506-Northern Chile.txt,C61C4ADB630CE2C5ED3B369F850987710644AB52D4B2D88B78ACF514635A7D46
507-Southern Chile.txt,D09143495869247B72352330573536EB14AC044078034EDA5A37B071CFF87DA2
508-Argentine Northwest.txt,A7F30038DDB64162DB794472D3A3644A69CC4376F7BD5664397BA590A8D55AFA
509-Gran Chaco.txt,D22CC285C59E7353D719FC143200A675A24CFC4690413128CAB4C412CE368A6B
50-Baden.txt,DBD12D42731E6F80607901E6F353522D13DF10F3090966FE1AAB4E45B99796C4
510-Mesopotamia.txt,88A18E2590BA1481980116FEF994A8F6865A690195C50C9190F1D5CC1CEDC3A4
511-Cuyo.txt,A27434E49018E9EF35A589EB0D9B75BFA55DA3053816A560EF24411E186F5B3A
512-Patagonia.txt,3C070B62E7DB9C619BC8357667A273EAE6045B8237BD4FCA54BEF4FCD8418713
513-Southern Algeria.txt,6DBB70C3683AFFBC0C2941046C7B4E137CC6743DBE5BB71EB7D85D35D35C1227
514-North Africa.txt,C477ED95690D2D4243293DBE2F08BD316AA0AB8F6896178F55061322B8E9E771
515-Central Africa.txt,064EC55FA92CD9DB4279090EA44439CFAB594A4E2626CE5361A84F7F96B16CA9
516-Northern Siberia.txt,851623C3725AF8AEB83C20CA2A6F9C4EFE43A94CF299752A279CB994012BBDC4
517-Victoria.txt,CF82EA36DE6681B451C6147B6BB740F29D467FE7EAF8EEB9272C7D5C715EE39A
518-Tasmania.txt,FE0463B444CEA71E3822B2DEDB01DCBD4E93FD6E862CE0C9AF58F50AF6BF9709
519-South Australia.txt,B1199FB49F18DA93F7A87C24ADFDCBB25AE1FC457826ABC7194D97313D8D9AA3
51-Moselland.txt,5779EADA6AC08D895262A247541D5FC24B4706A4FD3723914CA7567C6A80ADD7
520-Northern Territory.txt,4452ED741A3235D76AD32380894C06C3E28473DD8D92203CB031631D6FC5C736
521-Queensland.txt,8183911F16DE7DD80725AE510F35502AF25F6B50D9166789DBD03F660C35762E
522-Western Australia.txt,E9F7924D2B32217633133B84CBA22C067B6AC54AC98A132996495B3347DAF522
523-New Guinea.txt,88858082AA38FB02822AFC5933646E330C0B5923F712A271399170873EEE5870
524-Taiwan.txt,EDA1D0F7734B92A843432016FF011ABA2B4DCB379199E055F1F244F11A670507
525-South Korea.txt,DA08ABC562F4CCF97A61C78A6AB293A0DDBDF6A851AA0E6BCDFF815AE7CF43BA
526-Okinawa.txt,88762AC0B3C95A040C01366FBA96DA264C666793CD5C3B437C2C2467884B4FF4
527-North Korea.txt,4492E3363B6CC6F43033BB6DE6ED58A4C82FF59A37BE0B73867535C159C64CD0
528-Nagasaki.txt,6D1509D545AED89CB770AF64AB164C616C7CC767BD313C9DAA40024585FAD138
529-Hiroshima.txt,683CAB399E16A7FAE12BA1F9EE9DC72A3A3F8B8A9FA57D4B755098201BCDD118
52-Wuttemberg.txt,245765E74FC310B5453A8F3A13840F85941B880408B28DE9BB94E855D602A0A0
530-Tokushima.txt,CCDF1F2C986295E6EF4DFF35B314E3DEB96DA9970EC728882C1120EA890B2186
531-Osaka.txt,49FABBFD8424A7473469331A8AEA4578E9BDEA58CED8EF3DE5939F0E74D41AFB
532-Nagoya.txt,8E0B4C300634E74FD9CF7EFB7C75ABF53B2D53C8D2765563679FFFE3FA519394
533-Akita.txt,622680E1C280F78494BA2A13E9F04AE09DADE7BC3D00A50F0A2766F75B312487
534-Niigata.txt,BB81059C19E662A2CB52C3E8EDBD94DCF5741CE1BDE2271C027DB31C2D43214E
535-Nagano.txt,F68DEA9CAAC88D46202ECBADE9DBA2CB157ACFC88D970AEB96CC77B9EDA9F1A6
536-Hokkaido.txt,88333EA068EFF95ED420EA95C07F36F0E498B1B946FA80CCE3AF300DAD8EE672
537-South Sakhalin.txt,BCDABFCC103375A9E515FED340DD6206CCE234BE8FC7A35E0EA720CB6AEBE7AC
538-Cameroun.txt,C33D7ACC1EE493A619DEAF00823F70B1946EF248C4D399EE91A5BAEF377B00D4
539-Gabon.txt,736422283FDE1B6FD520674421D3254712AE21428BB5BA24B57AD133F1049311
53-Oberbayern.txt,E0959E2B5B4CEF0BE61A43205C43C302D4DB37500439B9FFD2F1BB090CA4DA26
540-Angola.txt,4730CE942FF5E940AA12E067A51ECFE8986E2EE9AB323A5685E2BF4C901612DD
541-South West Africa.txt,3E6876EEE20A524F08A4B1FC61CDD95B651EDF378BB64437C813F049293EB5D6
542-Bechuana Land.txt,BB69202362D00DCB76AB64636CD5F7E3BAF367714217852C104BE5AD8B51ADD5
543-Madagascar.txt,84AACA84B859F020B6FC89FD9ABE97B08111C366884EA20E625ED1DEB01619F2
544-East Africa.txt,7AC81D3BFA50AA5E27FCED5EA809D763F1CEBC2C72A2578F71582028C3EBBEDE
545-Rhodessa.txt,A87E09C426272085AC55DB44CEF0DAEBD713F6C5F2D610ED7233D3BCFAB16843
546-Tanganyika.txt,542C479CA5664B230751EAB575E0B198A5FD1A32944A7327F8C4C33EE47C38C0
547-East Africa.txt,80C6E007E9F76B7670E42F56EF161B32374D117F12DB5660BE411A20FF091ABF
548-Uganda.txt,665238D3799810C0FEA3FC0E2B4D59AF00843477A3BD0C6A66F83F3C13D70393
549-Sudan.txt,F243F1FCA1351E0ABD721C68D5F4FECF389125B107C5FC2F743F46168C0EDD4C
54-Bayreuth.txt,D939273987C29DA4819B4647CF3C5C62EED572D2823FA0938C32B5E1833EEE86
550-Eritrea.txt,C0F757F8057B898C501DD063606C2515157CC69386DFF138C60E41D5487A3A20
551-Khartoum.txt,5A4857FA6ED6787AF14629016C1C2B9FD0263D1A6329D5769D8DA800C1265EAB
552-Western Egypt.txt,49454C9F6093E4C2C7E26F1005CC453ECF8F7279C016B20505565B6D06E875D9
553-Lebanon.txt,F435C2CC2B3791DD6E2DC57A564C839E71FE11C5C25AAB2722FA17706AF6F4B2
554-Syria.txt,C296FA837F66C1B15B6AA9192BEDCA7C47A3B1EE0E5F3B30E35297903E51BB96
555-Lagos.txt,774F12F0D85BA3800FA4287F113822A28B6CE526D4BA151D10BC174C203A2D2A
556-Mali.txt,F6AB83F3BD17DFBA3DE148FC35B72A2A040A064210CB632A7AF03EAAB08DAB08
557-Mauritania.txt,D4BFAE411D06DD9957879D602A3F27FE8CBCC4C80F2C426FF6DCC02F52CE5483
558-Nigeria.txt,D0A220E03F4F4A8DD01B8B5E16DE4A7FBA0EB50B060C135590D2AD5E40B85C44
559-Somaliland.txt,0AA76D59EA23DACA17D12D19FB4C43FF567478E31494531050C4FFF8D158FB4A
55-Nassau.txt,21FBB5BBBBC1A950830FB4A2D498799E54C0A696D7B9F0F90209461EFD2ACA6B
560-TS 2.txt,ED2FB6435BC01C04734B23DC52A59261F43F31E1654283EEC9AD79B4ADCBD0BA
561-TS 3.txt,C71AC75C0E23E2C7B9163DE5F5FAAA7FDD2F818859DE3EC530EF0BFE1D605A43
562-TS 4.txt,AFE77650445945B2790248C0691B12B9EDD665331E969035A77ABCE6FFE0BA26
563-TS 5.txt,31EEEB3E45957DCD71389CB81D7542B31210AD614D0DEA3513287D3D23C6DFB8
564-TS 6.txt,152A1D933A63F2FDCCD4E5524738BB815E559E077C2242B6415D75CE06417B7A
565-TS 7.txt,0A6B633F9B21DFC1CA8CD246176050FDADF10A96ADAB5070D64CFC37755772F5
566-TS 8.txt,A77999074B09C1A450FBE37BA9AE1BA8E0399E1B90C11850F0AFA80E15BE1FD1
567-TS 9.txt,EDD950E4636B15CBC86B6FE85C965A92DCD9D8EC7ADAC3B30095B6B4F007079C
568-TS 10.txt,5C5CE92BA9079E4796AC6B94702D740BAD3F113BCB87A0E1597D5F3364ABF658
569-TS 11.txt,9D7436B1BE540BEBB4C5B8281B67ADC53E333E4A6FC209BD8A61B5650C0DFFB1
56-Weser-Ems.txt,6D2F88E024F05E0AA290877740573EDE15BBEA7A8D24D4E62EF136CD67C70CFF
570-TS 12.txt,0099741DE2720E1B3231A8D3F12955E138707ECD96041BD8DE4D83DFC2F030A3
571-TS 13.txt,1F2C255F0F3A605B2AE3ADA3CB385290B10F73343B68F3D0044384E3A3CEF790
572-TS 14.txt,AA2881DA0C815CE2092565105767897696D51F724F46DE9E783BF54542272C1D
573-Ts 15.txt,08ADC9B6551EFCE95D561447276A76697140750856BD0052836E2E1223797B40
574-Siberia 1.txt,9BB0596EC72DE86741942911C4ABB1044CDC9331513DD098E516E0734D3E4DB4
575-Siberia 2.txt,4F14738E1FFED7001A71E694EA341C5C0DD52FC84F1DDD84D92D28BA278A4BE5
576-Siberia 3.txt,9168B72EE209986A7A57A88317B5C5EA0BE18B87907E54289D5592897C69971D
577-Siberia 4.txt,7C0A3B63E242D8E8A14D21941E18AD97C43A76EE284875B4A7629FFAABFE79C8
578-Siberia 5.txt,FAB93F1D8D35AC4D339ACF33BE8668B9DE61F3E0FA08D3561706EE4CDFA9D219
579-Siberia 6.txt,25047FFC446844B5AB6BE34706F3F1A270BBE66CC4B664A502AADA3FC9A92EB1
57-Westfalen.txt,53BEB07BE449C1EDE5D183DCBAD5CC317F7F5017BC5979681E00865963738C11
580-Siberia 7.txt,1FEB95729F492C86E89C8D4B29DAD332C65AAC9A69D8940C2C2634A743EE301D
581-Northern Urals.txt,654116F5FA3011D2E4987ABFBB2DF102C5C526AEFA4D623B0B3C85EE7DDD79F8
582-Sourthern Urals.txt,F6809EC07DEFCEF7AEE4B89D38E482DF6DCDA308E7782B4F5E6F7F0D9E1338EB
583-Kazakhstan.txt,2829C69884C0E8BC4126C1E4B26E96C976BFA5998F9EE471DA1F40F3C2E741BD
584-Turkmenistan.txt,10C4A323E62469BD1250FA9C97CFE639914FFB3195B753298725F78431C90B16
585-Uzbekistan.txt,87EF5ECB2B1767CF1C873F53E7B66911E8600F22098211E291477562BCA8E64D
586-Kyrgyzstan.txt,1EC6F78D7F790A182460D06E95F4312CFE597E908D24E014EF6C1B9BB561D33C
587-Western Kazakstan.txt,5A45E2DDEC7EBAF9E4355E58E3D4A6204A708C5EC1F0A883922C095ECE5ACDE7
588-Some Mountains.txt,ECB21A6115F6A8A867128FA9D472360384916E2A0F0012A7C6BA36D2DF256185
589-Eastern Kazakhstan.txt,6A0D558DA7180ED4D2CB938DBD0FE2808C2699BB0C7D730FAEED13E6EE113227
58-Schleswig - Holstein.txt,C91179524FF1D61F78A01998CEDB204398C5548F2F4C38B0CCD34EABB93E2F1D
590-Northern Kazakhstan.txt,F0E86611ADE2C6A91456EC862E28DED8EE6355E5540F38083F7B01A2C65F9567
591-Hainan.txt,829BB731FFF036156C325618DFDF4B2B555D2A2342D7716147AD351993116A48
592-Guangzhou.txt,0648D04792B0F0899E6E2ECCA35E3EF1DD540F4F3BD80F8A011DAE706DD070A4
593-Guangdong.txt,2B0B0B3A81E285E07728BD6C6CBFF443AA5CF370AC329ED1764EF4D11614EC33
594-Nanning.txt,361E0B56358F06E2D19D09A683C70132F6F18D5A9F46EC186318CD89A785F31E
595-Fujian.txt,235E53586DF25BBFD57D677A5EA75C44F9180C3864875126495CB993DC8750C3
596-Zhejiang.txt,DED343D17D8612B18D36C93CEEA891A1844BF40FAB71C24327D80AAC51C43162
597-Shandong.txt,C6F191154158B93A27F079D7621DDC9E3E25B0EDD353CE32C502253924990293
598-Jiansu.txt,9AD212225FFC32BD4E1D6841ACBBA17FD6A1E6AED15D4873029FEB156BE074AD
599-Guanxi.txt,D44C7CD711D48C3929E05AE2DAB1E50F911AFFF31F667681AA3FE7F3D76F0500
59-Ost - Hannover.txt,D9091E1B69C8D54C0DA666C407FF1A001B60AD0110CCF23C1ED70DCD593AC495
5-Germany.txt,218ABAF68656668BA55574E00CB58DF5629B14A153AC6739998791ABD7502657
600-Jiangxi.txt,29EFE05AF62AC6F25BE4442849D5B75338176ABF16AFB1D8E32A2EE95FFC59BA
601-China 1.txt,F6B357AC4B0BF6D47559D08E5989183CDA0ADB68816CAD0F84E9C35F8C412809
602-China 2.txt,418738A52D90D35322A16C5F9FD2E36628827B45F0ACC6F46AC0826D14D38A84
603-China 3.txt,870F7AAA71ABB3440267B2BBEA48A35279E2F0FEBFE4E3FF99B0B817C889E38C
604-China 4.txt,9D5D6A9DCC7A32F4551E173314A812CCD2A8E520AF9EAB2DB5531A79A3256BE6
605-China 5.txt,4C0302CEAE5A486AEA43A7FDB143700F62D71D6D5B5296026097895D8F591E72
606-China 6.txt,E234CD66A1FA814F59DCAA473C075F8BE4E97A9F7C44069E94227EE7697791F5
607-China 7.txt,6ACACD3EE5EB2F82D1EF48BBB2F277DE8198CE80F034DC8486086C7D15757603
608-Beijing.txt,69D0C64DC14AE0E51D4DDDBB46B5C35E01DB7C7A83E27500C11FFFB704146C89
609-China 8.txt,B040EB4A9E381B5795F187D3E8FE0A61F2A070E539FE0D39F8CAF6E5BBABE850
60-Sud-Hannover.txt,5E03AE3BC4F96C834FBD343267E7243C7AA0FD25D0A3ECBAD2C420410B99BE55
610-China 9.txt,AEAD28E96028163C7945C340E7BB28629F1F48003D1253A6F93AC897CAE57BBC
611-China 10.txt,8204C474873D92B5F15D6EA76B2BBBAB5A5A4971F00A4D1122002A56F9652E2C
612-China 11.txt,BD3D7CECA93CCA15B17677E5278F2C91AF58B36A908CD7E69718126D8E8E0BCE
613-China 12.txt,0DBF960C1DEF98A4EE9011CC092E52DEC5477F1ECDB89A82B5A0F3CEFDC31AE7
614-China 13.txt,E6B1E902B1E00DE2765214D8CBB1919EBDC490DE85BAB264303832FAD1D2ED48
615-Shanxi.txt,1649F82A27C2B4B84368E6B247FBB0EAA8650A4F7EBE72D742EE12BD6918EF5E
616-China 14.txt,ACF3907026F606C721E0E2B3F8E1F4038497DC159DED5B635E8FDD03AEB60BB5
617-Xinjiang.txt,7C3D75ABCE0EC4D04CFA718E7E141399893775737A872CFA42E8AE29A5FE239A
618-China 15.txt,0BB50A00C7D595D91A21C7DC0E82220B265FCDAA83B207F43F127D15DD7AE2CB
619-China 16.txt,DE308C945C1EECAA33FCDBA8671B16AE0C89248DDAA3E1E5D76129D986E02E04
61-Mecklenburg.txt,EBAFAC77502C977B028AF37F34CA65853D9D9F2708B59D94F8067359AD51B56B
620-China 17.txt,04CE2A63BD9A0072B359C23C539A04F246EEF2139025D4FCFD46FC98E7A3266C
621-China 18.txt,9FAC960ABA273D8B57106F792633EE20C0ECBEE080B7F3CC42E7371BD540E3DC
622-China 19.txt,F13CA35C3DE4DC59E7E31C0DA89F6150537FAEEF0446D9588065165194D17ACE
623-Luzon.txt,BBE0EF395B45B56389EDAC9740B32C723BA3222DB6CDDC65AAFF95CEA99F35CD
624-Central islands.txt,2163B844CD57F911B6B6E832BF2FF6A033011F9F5DC4CF98210E5F10E219A8C6
625-Samar.txt,CCA7789D6B1020B80D7452DC9430DBBE9BE0B31199FE1FF117735D0AD2BB2060
626-Palawan.txt,6044BF97CB985DD97DB74E943943E05227EB4145446C612911863FBE0A84799C
627-Mindanao.txt,AA3536845C372A5ECC2A54EF3D40325148CED99501B3E035517F05F9F620A0C5
628-Cebu.txt,263AE5D51D56730E77029863E1936F461E2A0FFD06043EAFECBE4007EBBCD45D
629-Hawaii.txt,218C18A9BEE979BE57CCC133E9531B24F03B01219F193BF5D5BD5F1E0855EF60
62-Pommern.txt,743AD475CBC6D37916C4A7258DB7B9CD0497B23A5500AC1729BB40CE03AA5B1F
630-Johnston Atoll.txt,C51D74FB24FA2E2148727228E9EA0359EF3BE429BE2A70F57546D5294AC55CCE
631-Midway Island.txt,A91C8E4BCBD867DD0F5008D46D53B4E34114A9006D87AF258CCB233A222937F0
632-Wake Island.txt,BDBE9C98ED414CB759724B57926ABAFE3D4AF6A35DDE49DFAAC4229654E4F644
633-Marshall Islands.txt,3EF120E1131D852266B7248FA92012D4C6495737C60EE200131F3E50BC45EDC6
634-Solomon Islands.txt,ECF8FE64FC42CF71EB9E8EE683A3620769A52D5D9496BA91D0902F9975A4F5BB
635-New Caledonia.txt,F64AA4687048F2416BF496E2ACE0A423AF4D0D888CF55EF8A723C41521F5F254
636-Fiji.txt,596B6A4C03F9556C34BAFD126A7F4961F9DFB9DE489A0BFB02FC0AD0EF11135B
637-State 1.txt,C7386C5551D6CFB6FCB3D380B0545A1E2243EA1A04C6BA2227B370758E79EF19
638-Guam.txt,B6C5C577EE35A928A229E2EC7E1695F699E779EF9515ACA650663C940617FBD5
639-Maiana.txt,88E1D2A1C46F74164F0118BDE66A126C5533181BD3539212DEC183903B4B1EE1
63-WestPrussen.txt,2B46FE9DBF6E98F2C1B936ADE22BB73AA2C997A53B14E591F3F7702A5E7DB6EE
640-Mandalay.txt,484FB701D9A1A94D1E212F9CFBAE9E7C1103C15B1346429D1580B759A362D4CF
641-Tahiti.txt,0EA43A0FC622AB1B7D0CEEE83C7C6A86D25DDD5C748A2CD7BB3BF3ADD0414F9D
642-Phoenix Island.txt,E561FDDB0662E3148048F1A7195418EEA1D481591C6492F7B7E375E1EC00F448
643-Fongafale.txt,35DD7BBD243CB2A4889F3CCC278C61B328F157C6AEAA71BE3AC60512B98A9F1A
644-state 3.txt,C712259679B3EB0B21B8CEAA2BD0E58E42D4413265605ED32BD50314A3B7B9AE
645-Iwo Jima.txt,8734454D26432BF6D9CE6B8B4F94D9978B56A112577803ED98FA39F3B37B8705
646-Saipan.txt,CDB193259846090BCFF24C56D0A727CBEAF06A727D33D8FD549FE4C5BF46A9A8
647-Palau.txt,0DE4C2E4E5C1520F408132C5BAF37F84438BBCCFC269333091E41B3E6AD69CA2
648-Marcus Island.txt,267D772B3CB3B12A8367B8DC697DD250604ADD1356742783BC4D0D1BD6B40CCF
649-Galapagos Islands.txt,31FB51EA12843128B7398423476A27D92565ACC03EB67F6A91B6A2616D877DE9
64-Brandenburg.txt,3BD06F88BA34DD9E81927820768FD3E90EC4532E3928552A34FF8B80B4666B6F
650-Attu Island.txt,4E105C37DD0969B8AB7B4A1897299097C34CD1BEAC31FE7C60EECD7B2C205A50
651-Sov state 5.txt,894AC79D81630E11B47CD7243187A12F511879D5ECF139E169E2C919404826A4
652-Sov state 6.txt,EDDD9A6ABF4137DDE86A05FF0169C57877B6D655846302D628159E0BE66BDD61
653-Sov state 7.txt,36F4BEBB9DB07E34C9F8D80B7E6376A4CD10DE092F6403DB2726F1ACE213C2C4
654-sov state 8.txt,058565F0D5C52C708DD3AA88CBA828FC9DAA8919BABE0D3F863210A6341DAE61
655-North Sakhalin.txt,B9D5C751EAFE91820D7B7FF05359F72441CF696B9C3F49C5AB9BF15E5FBF3963
656-Kuwait.txt,C8259ADACD527130C6A8BFDF8BAB4D1F49C71E5A54F3F4A68F774F9EB5C892DB
657-Border state.txt,D25D0802E8E24228CCE926448563EE51D0BEE9098593B2C7E8E0225CC310027C
658-Arab UK 1.txt,D343CDEA16C42C103221683CB994485D3F8498CEFEB1237E5FD380C9DBF35F73
659-Arabian UK 2.txt,2FFF9FF5A2CF4A895EB0B40BCD97E0A9A17C429B5102C1902DE24488BB8271F0
65-Sachsen.txt,F802F31DC39239442A8AA3AD51407986F1466CEFE54558969A2A0092B402C80D
660-Equatorial Africa.txt,C8C804CC7D75149994443ABEFB6A13EFE075A32D07EF47AB388A91C560317CD1
661-Tripolitania.txt,596F7113ABEB7FB61B14CA1AABB4C9350FD9BE174FD089AEF265710D8F839BD5
662-Sirte.txt,3E178B4184D88D263B3AC6E2AE69688A7F78D5A3F31B10B46CE9169DAE7651D5
663-Cyrenaica.txt,283FDA18EF36FE57D183E3C74603D752A95024AD03FA4FCF092C8175E97BF3F0
664-Southern Slovakia.txt,9E3746B42ED68D7E71B3AD2634E231F42533E65620BFB081DEC11525759F71E9
665-Gabes.txt,D9CF67CF15BFCE37DB5A9BBAD4BFD85572D2E093A0D67DD9A221ADDB23046976
666-Norrnorrland.txt,0719BF6414ADBB79083F0A094F6F32EE0DC0701B34AAD8C2CD03B1D9AF5C7FE7
667-West Nusa Tenggara.txt,70D0CFCD6045AAF9B8142859F0FD5E8A2F96142A74AAF0D8319994BD5FDFAAF7
668-The Moluccas.txt,2740F8B3EA0DB6319F25A9E024EADB26A3596558B11ACC8B00B1BEB9F602BBCE
669-Dutch New Guinea.txt,F3E97053AE9D8EB167A45C82AD0B2EF74474072422FD97ECE7FE970C8921E7F3
66-Niederschlesien.txt,2942331916B4957441E40EE85832D0230B2ED1A29DC6F1376F778329552AFDC8
670-Laos.txt,70F3FE969AB67F216C6A9A7A28BBFC5168DF361FD105DB001C55062533642947
671-Annam.txt,6B61456545F0480221A64549B3F4D90A9E4EA32037CE95368D798CF55FE1227D
672-South Sumatra.txt,F2A7617B67528AEE8AD0CA3BF707D2A4D6AF13DD87BC7B66E922E4516CAF7BEB
673-Sulawesi.txt,B493F4C93B32EDD6302CA707ED3E883647EADC78E2E5FD4DBB6A3E694D33D3DE
674-Central Australia.txt,1ED1E0CDAE0CE80F2664C9243A522595F2C7EA4712A3235D3757270C6DE9406D
675-Al Hajara.txt,AE5A712A910AD11C2478CFE4209A78057BA56AD3743C600B9C41667DF0059355
676-Mosul.txt,CF9D775B43E913BADA94D224F5E5D32CC12276A637EAE16B574220C38BD0079E
677-Aleppo.txt,3BCC754EB55EEEF362FF971FA95A2AB51E3E89FA2260A3B64BA146FF71DC901E
678-Rub al Khali.txt,3A7D1E8EBCDCCBBBC630DB808255D8BAE05C562D0A280BCEDD28E6330B9A3DB8
679-Hejaz.txt,E9C61836E00E08E59BB0C7688AF464920DB48231A8468CEA3411E55217F8D8CD
67-Oberschlesien.txt,5AEE7BBC87DFD9A54AA4A9EE367F1A23149BCB435663B7602093F34FF6056F23
680-Deir-az-Zur.txt,235491C4260268E8BC47E9D5E58FBE51D909A159B7A2A64197071C183380ED29
681-Soviet Lakes.txt,32235FBA8FF1115F201770A5E4FE25649A4B3578ECB201FA8EBF5A687A3AA25F
682-Northern Ontario.txt,E20FF1E99F743041E8FABE5BF90D0A21072DACA7E166D0EEF95B7591B027AA58
683-Northeastern Canada.txt,7C882CF852C9AC9E603BA6C3CFCC863446FBC71DEA08539A7C13BB4FFDD90324
684-Caroline Islands.txt,183D50D5F5EC2BDB874B1FD7672DDFED9965B5EDC186B920104C94ACAE938B6B
685-Panama Canal.txt,DA4E48B0C94DABD8717F3BAE7D544A035B951C0AFDC402ED16CA4913A0BEC834
686-Puerto Rico.txt,43B9352DC5D690136B6299E4702BA29C1DC76700894FD2B7D5B5FFE63CDABD7D
687-British Guyana.txt,0399072125D488530AA0CC5E9C28FB311E37C47098E7ACB168BA0CE400248CB6
688-Chaco Boreal.txt,71FBD77438C9515A97285E5210BC6828488C18BEDDB6E531FA995C7F8F5F8969
689-Jamaica.txt,8F4C10EB73E304D5D8A1EC0E8C22B681A11953067DD802472CDACD790455571D
68-Wartheland.txt,96957533C3532579C4BBE0825C55B98D70321D5F7F6F5F6A5BA596DD70B9F9C5
690-Bahama Islands.txt,C1A3E461B77F191D2D4E37AC922941C02383F6CE7B5CB6BE5A3E66CDC52E8862
691-Trinidad.txt,1D09F16631F6B625136C57378D6164BFD88F844E57697F3E0AF538A8D2462331
692-Windward Islands.txt,F1D38B233D6BD04460546F4EB88BCC3304DCF7BF8D9F3E67B62EE267AEDDAED8
693-Southern Bahamas.txt,BBED2C6A95A43C8055B941DC154DD0776A21BC404E7D36F77E5C6E9C22446DEC
694-French Caribbean.txt,92826BAE3FBCB1FD3F4F03D030E27F76A787CD6D229D9830FD0B4961ACBC2015
695-Curacao.txt,0E6478AD5BA94F46A2691674939315F4EAACC1EC097E519A2616BCD289D6B2BD
696-Bermuda.txt,064A6D827A363E9137469771D1B6DC29AE6E04331DAE3F53E5D6BB8E92CEC439
697-Madeira.txt,643E63779955BC8035A17921918F19CFFC0785DBB8F232DA88807C833957582D
698-Azores.txt,7F488ECEF9E4D948058E06BC4199B7664FA68968DACBC8C861C3EC52CD39ADAB
699-Rio de Oro.txt,8E2725F7E0CF5F434F775D06EA48F0F9B4242BD4A5439C45A0DA82FA4CE34FE7
69-Sudatenland.txt,E8F835A97183CF20AE6928BEE3C02A5BDC48781B00534BA91575DCB71C54A651
6-Belgium.txt,17A734077EED31432B1DE146D5368BCBB18BBAF17FFE5059B12EBD63406F801B
700-Sierra Leone.txt,D0E6AEAF516EBB7AB7A4ABF47DEFAA53B4403F2FB5FA6EC800527097CE5FC6CD
701-Gambia.txt,C189A90AECE3597295A5BA14F55E88C6BC6BFD591FB58ACC211202FF200BFC76
702-Cape Verde.txt,0D4D82520AAD18994BBD039562F70F4625E8108DD2D667A10D00841769275AD2
703-Ascension.txt,6C76305B8D27F2513AA37DE9DC87D2F5EA65017CD5F506BA6AEA7F0D5C0F45E5
704-Saint Helena.txt,C6596D8DCD0E936CF5A332B0A88899B320DDB900819597150A04D3989D73E519
705-Sao Tome.txt,7758C3671CDEA59DF774ADCE5835920766E4A1E7A6FF0E905CF50E11BABF1E4B
706-Reunion.txt,A72AAF97872A35F667FEED029104C6933CD60F4DBBBC88C1FCF101917DED7B95
707-Mauritius.txt,B8BEE305C7E2D88150DDA80ADA37FA62C9621647BF40903D8F91094FE9EB4FAA
708-Comoro Islands.txt,115C4CD9B82DC773023C68DB7C71C7A0991F21573DF96A95031FE0B1D1E1EE02
709-Seychelles.txt,F8CCF912FCC0C100109654A5DDC8E8B1C7E2047E1E2813E9BE4CB747B3F27C0D
70-Slovakia.txt,4487711BDCA7E307EA7E91DC44FFE73EE1801D690B199EAC06EF7943E48A1F4F
710-Diego Garcia.txt,95DB68CE99E5452654BBDB79F475D5E170DF4331CB601A948D04354851AF1D08
711-Christmas Island.txt,123A896003F993DE7B3AE12393310A424388335A6F7FC06081B1A589026EF013
712-Cocos Islands.txt,56A099D0F1A56DA86108C56C39143D74760B40E976E7D2F21914B3ECCA7A6799
713-Kerguelen.txt,5DDAD43E9EE108FBC37F83CB76C15A3ABA35D66443864CA9A701C6764749516A
714-Heilungkiang.txt,995EE98D4151F9FA4AA04C0F8CE949250A256C19BC4CBFCD39ACB7E8F4674F00
715-Liaoning.txt,9F9F136867CA734BF45896C2590AE56920EAAB4787AAA3088388D0E0CFBA27BA
716-Liaotung.txt,1FF3BBE697116617B9DC5DDD5BC7CD2513C7D8AE2D029B3DD71E17CB2A8B83E8
717-Chuho.txt,BAE825BCE6062E941F223AC29AFCB18C00B193E34EE76A6A8C6798922E0822A2
718-Stanleyville.txt,B65B66143861900AEC40A772A51527005CD15CB50B679193F00DACD43CF40F8D
719-Natal.txt,47D72D2B238F5E3AD87AEA8F890BAA469DC896DD63FC7C38684953633B5E7361
71-East Slovakia.txt,589A2928616F858247C524D57063127068350A806C60665117CF5845B09A23E7
720-South Georgia.txt,3D33B529BC2CC5136A6D92BF3CEE1BEE1D9B23C4FBC3B0990560B18A87DF88FF
721-Portuguese Timor.txt,397B483A0A5DD52D5F0F0962F813349CB1E70392D5B070247871351044F4D271
722-Petsamo.txt,5E93FE9128F795A3B974D4D7DA9A6BE852A32C7D0CCAB2377E65366C8BD9BDD5
723-Southern Island.txt,F8411E41C3CDC2F7B98104833257FADDDA7D4C55BF67F4DBF46CC65956357EED
724-Southern Siam.txt,93DD5A00D767E75391A255AC92453F0B1DE5E3E624385FD050AD22B8671736B6
725-Nauru.txt,1532897A9E36037D4E4F8F7C1CBCFAE2B2194B288E0E99AFF0B7EBD594798EDD
726-Samoa.txt,D63957778562613A9BE1117B205955004A2AA77EBB0F7E548FA1EFDF90F7554F
727-Line Islands.txt,A69D76CB69D8027C10503CF160C81D3FD79977A2A993E7DE36CC26736A2852CC
728-Guangzhouwan.txt,B8B1248A446E67EF65856ECAE35E966EA4AB214F93B7D9C552FF3BC8D1AA5658
729-Macau.txt,A4B18C3E2D7642B02AEA40055C3B3DD93549319A0AFBF3F21E86FDA4B4D97296
72-Zaolzie.txt,133B3024F312DC145E78CEB474D1395180C053C791E5D802619C81F7FA09730A
730-St Pierre and Miquelon .txt,214830119098C2B0A4221FB0EF94580BE93D788757A857B061D3E1EE934A647C
731-Central Macedonia.txt,EB9CA580AE9D0DA9891B0084F364488792D8658C5D7E4FC2D777F93452F685DD
732-Pamir.txt,B4307823CD7E45EBFB959CB13A072D77E7F1E8E3193B89AD5316DE09D27D1621
733-Andaman.txt,DF23F10504000EA18454D2293F5D88633C60C82129B81914292BCF7CD0782D02
734-Nendo.txt,FA58F0E78F640F64C8C528FAC38A5FFAAF5D9AC2E6A5D43AE93F032F34ED4A2B
735-Savoy.txt,5DB27455C903E7A2C8E855209A2B54AEDB3D03F615676F386C36B8726B7B4FBB
736-Litorale.txt,DA627C5941F85A2002869ACFCA675A62CA5BB9095D9E2F41290EBE07DD0BDF45
737-New Britain.txt,DC15956A67663F883D230A8FE6436CBA6581BDD158AB6BCA7CD30E9032FE6B54
738-Aru Islands.txt,94B9EF0A9B95E24ABE8F2CECA7A00E0B7C87DB385CCE8C92205FB6312A8FB86C
739-Haida Gwaii.txt,FB17222B891C27C3669C241EF15E90666B3057D1794EE0C02AACC140014673B7
73-Carpathian Ruthenia.txt,38C2BBC0698B57157EAA79345FFD7C626303C652F2A10355C499D0D0E36512AE
740-Vancouver Island.txt,9DC483A9E7C0BC168ED721C3FF179F0E4CFDFB9CEA66B66F05F3B2AE0D879B5D
741-Cambodia.txt,6E54235F37085F7885DD43C757354575822F40CBEA4978085A14C40E4100B371
742-Stalinabad.txt,65446BE85EAA16FCA80445A90928CD22D0F45699151C557893814A3AC0728A97
743-Qingdao.txt,295F58063563EAFEAB3FFF3058310DB9091F62BB05105CC04D6A5A07ED582559
744-Xian.txt,A82074FB34F3009F54290C4A568E20509EA43A7AFCE62E5DD52FE8F4E14EB1AB
745-Dalian.txt,7A40919EAABC7ACBCB3BBA47DD10E11CF3467EA1D7EA5DF27DEAC8B426FDAA10
746-Ordos.txt,AF54758CA914811239A941FB81B9E1906EF7D09A614FA5C6E601CFC2DF3AAF7A
747-Dali Bai.txt,EA707BD5EE845B4C7E41B28CC0DD03640FAA30E605047324A8AE234C654B2F76
748-Zunyi.txt,B7B1E8F4789AF45D141383F968F1012875633665FCF026A1FAC04B85041ECE37
749-Huangshan.txt,D692CA3D12B197BF4508CCA310B2D8F3BB142CF5DD856397F58C6CE946C35BBB
74-East Sudatenland.txt,D7D1BC326657BCB554F2C226BD4819379F51E44B65A974D322CA9F2EABBB4451
750-Changde.txt,1A149DFF8B0B0855A1DCEDF2BFAF14FF4BC7E70B85B20A0D242C47327738300F
751-Liangshan.txt,96EAA7A1CA5F4DF75F3FEA59C18615DE3E53B294A70CF7AC740A6CFB9FB95433
752-Chamdo.txt,91A5E9748BE710DD05DE5149AE718B0DEA5DA727A252B5CDB6CBD29FEE5DC69A
753-Gannan.txt,2D2A3970E11A9D53DF0856C5D581DFE3BA395584E6FF1F91989326268178AE38
754-Golog.txt,14B058439DA256BF31C7A67AB556130D569F2FBBAFB67C9B869E46899621700F
755-Haixi.txt,E2062846BF38FAAA68353743F6C2787F9268A4C8DEC9689A886696CA790B4CC5
756-Jiuquan.txt,FE98ABA8067B90C3AB7C8F84D475E593EDA08427CEB13B3CB482053F2A7A5F23
757-Shigatse.txt,3B2BA8BC992B1DDA0E437D277A31389283923180B43352D7ED5B4147A190BD06
758-Ngari.txt,AACD51E51297EB2FF59F38BA3242242128559A6EBBBC5AED8680271A57C74396
759-Kunlun.txt,73EA06C69431D07B79CEA5802208CB7CEE9D997CB943992333CB3A972EE036F5
75-Moravia.txt,70CD11433EA48F8C27022BC80410FEBBAD1786A5905CA06E89EF563FEAD1EC6D
760-Dabancheng.txt,24C3090CC7C5F23476641897426E2AA031B24FD1592A4545459B3C3EDCEED547
761-Hulunbuir.txt,7CA441AE866EFACD714EB684A2DFB7205AA8EDB9E016061B11BCC3BF4AC024B4
762-Katowice.txt,4785F5125EA2A8396D111C07426E2B5D2E37D4A63C512E9188498286547AD446
763-Konigsberg.txt,C3FB58C63E8D16A0ECF8CA56D6104E6E479F4520DECE7B708EE1B8D674F78E49
764-West Banat.txt,BAF075A6BCF40A8E436342ACEB6BB3031D632A208E814D62B0238A2A08CC76DD
765-Qatar.txt,0BFE587853304BF7BEFEE9C62552DB5412BF38C79DCD3C711C8754535A17B008
766-Southern Bessarabia.txt,97BD2559DB711232646FDBDAD643888CD4EFD2B1DD785F9237542B72DF929A27
767-North Darfur.txt,6CBEF4F1FD1B816EB237016106D2B71E74C0A1BEAA3C7038B193A12A4A7EFAA3
768-Rwanda.txt,115225A9F395DB5ABED3EDEDFDFF7487721AAC65EE4AF3D24EDFA45DBEB968AD
769-Burundi.txt,68821C97B4B1632804B35F9F3C864DE9FB1D2AAE64682D81A396CC74B206C8A6
76-Northern Transylvania.txt,4A7753C89BF7D6B78C73DE80A1EC7DAC256263BB059161D439FA95B10B464253
770-Malawi.txt,11A5F1E1EF7547845580F91B6DD49A6C530A2E7871968C99135B14D38842B38F
771-Zambia.txt,2B72929C6BB1266E0951869C4D32F989755DDF35BA6F80CB0A5756E8B25F45E9
772-Middle Congo.txt,9BA4DD9E65B8ABB4D6E52069E66BCAFE246C3DD0E7199C73C2F8302584662F3F
773-Cameroon.txt,C54F4400E82BBDCF2A87FCFD5923D217B3C678EDFBAA7CD4B614B972104C7AE8
774-Chad.txt,2B1D1BFC93B97C722B80FDB89B869BC38B19F8AB9AA00AB57146D6317588C5ED
775-B.E.T..txt,88CF6FED77FA92A0240080090F0A9750B60D18484109494C2070B0F8EA01D26A
776-Dahomey.txt,7740CD5A10C8963FB5437EAF885D14407D7344BE9A0F8BA7B2352557E64AF610
777-Togo.txt,A8C6C17B1E2CD5D44B5A563FEB0E48B7BBD187F1287CA6531B3293B8E0CA5483
778-Upper Volta.txt,8C36478C7F2E48D6478C453250B07169BE95534229995B77B87B4288C072567A
779-Ivory Coast.txt,11D8EB4547F9079ACEB4DBD405899E9F8E9BFAEC01AE46B827A07C14B1C48144
77-Dobrogea.txt,5651505F94347E525CAB799A1E6B14C0A332080607CC4822D132A1992B8C6941
780-Guinea.txt,AD9A60B64BF4E093A86FD1C84818540E22C2EF7D313844383B5BF84A3C55CF97
781-Niger.txt,E1E8194009D402AF2BF29E63B56243057EE89982BD00FA7C6132D5E19B98869F
782-Tombouctou.txt,408E61B961D1928B2789901FFD20807852388C0D5F080EB352C7C027CC1F6084
783-Sidi Ifni.txt,990475EC41D36FC045BB30DF3C759791D07F1497D65423CF6CDEEA363F3B2ED4
784-Ermland-Masuren.txt,8A88EE69CA53D3B2A71CF243E180F40BF4C7A2605E9E36DF34EED37D5FB69999
785-Picardy.txt,7FE085C68468EC59D30149333DCBB2FC7DEFB629F5746E9A7DB1C6A122733154
786-Mauritanian Desert.txt,5D5AC6C35944551D6B2746E171AB536F77BE32C1E99A7F2E5C771E0CEC0C01F7
787-North Kashmir.txt,7F96A9040E6E39BDBC3C81464F4B424BF8475C0D4639521085FEBD45EB0DDE74
788-Salamanca.txt,A26780CFDEECF1F97BC0318FDBD109BB3F06AF9295D643F7C5B7419AB92325A6
789-Cordoba.txt,2B977FA4DCA0CE2A3F2392C6570B6E513215B08F6BEFD72A5B3E14A41DC9D80C
78-Bessarabia.txt,29AAE30C8BAC8F73A23FB67962EAE5B7B4A5DF40A9298BED8BA5A0755717B6FA
790-Asturias.txt,57944109379D9419047BC434852DF7CE078F739146D04569B72EF1D404842648
791-Valladolid.txt,A1726FD3A6BC04177024B51BAFC52F25838E5ADC1E83E14238F1D536413B23FD
792-Basque Country.txt,0A6BABBBAD9CD887CDADEDFD9F43032EEA4ADADA08ECBFD21EA829C498A69FEF
793-Guadalajara.txt,8B63E18C347D89CEF11B31439157CAC14B9945138AB92507F139E1E0C77BAF5E
794-Eastern Aragon.txt,66926C44C9A8FE68C2DD9383B3DB84B8A21731D95EA5D11958724CA23D9256B7
795-Santarem.txt,CAF27BFE1ED2F950D7D5F802586FD94D07C870E4439F6E8D291EB55FA3008262
796-North Angola.txt,B553A4E892EC26858891252A2D08D7CCCA8A3AC6DD33C426AE8117E726B0F705
797-Istanbul.txt,791B5F349FE6FE7EECEC5F0FCDDEAC0D6A8C43F6066C90C404794E6F257686AE
798-Amasya.txt,E68E92C41C2A44E56F70256C2F4EA7E3D2075AC86218AAEC69D08A51E511DC7B
799-Hatay.txt,F512499E80D740581BCFFDE3BA5799A77A2F747178EA62EDC6B5618C3CF4A483
79-moldovia.txt,12F385DD8B8C55EA74000B6E9F274875598398588E83345EF88AE828D31D4174
7-Holland.txt,257773831E911708C1017FB1EEA113BA91677FBAC8907DBC27D24A3CC8D21B5A
800-Van.txt,97EB931C9A15A852BEA37FD66AC33310F0D08ACDA4A28DF4A25A675CE8832E2E
801-Moesia.txt,B72CC5ED1F90F6523E23D354A3E937B758497BAD2F1CB36AAC78BD8C9355C47A
802-Kosovo.txt,2ACA6F5030B9A8C7D877EF7EC9CF4A6347451DDFF80615E0956A8AD009FC58C7
803-Southern Serbia.txt,82C95B9FBC70C5F56E0F0C31E650CEF41508219471D1F8EBE02D2ACB4701767B
804-Herzegovina.txt,5086357648B5BC6AB6AD10239785018197181B63FB83232F5629EB4EFB8E093E
805-Northern Epirus.txt,F24CEAD76EEF0131A867AF17C82D1ECA03E0DBBAD92E61F0882E990667CDB629
806-French Basque Country.txt,4DA4EEBA0EEFB98D6422D40EDAD131416C4C2AD0FEBE8B6D4BF5BE200C2D951F
807-Gdynia.txt,F9EB07B3D3E3A14D97188E5FBB2F37781C8BAE71587279AC2D45BD4CEF2876C8
808-Riga.txt,AF37250330C2C8DBC20D4353FFD4A1ADE748BC47DE3C37829A2516F1C931FE63
809-Latgale.txt,D09E46FE26326B375FE47CEDAAA4B0E7B80BB7910F038780B2846DFC1385468C
80-Bocovina.txt,B42A3E31F15B536C5797F8F7AD377DFEE78416778A1B38E9D6BE918756E793A2
810-Zemgale.txt,1489134C85D60A14BEAC6054253EF5D48A881C92D4AE07C3BA03B168877503C9
811-Saaremaa.txt,E1BBA499980729B508754E9F5B7A753FAFC1CDE9C412544FB814602477D1DAC8
812-Tallinn.txt,225EEEF2BDCB4CBC2275B702E3A249477CEB59014EF954D587B0206CB649226D
813-Rakvere.txt,F729514673B1F6D3E27C9E3A45AFBD5E41FDF92BF88DDD51FDBA1172DD143418
814-Suduva.txt,BE1D099CD2858145E925A40CC24AE536A5A32B36598FC38DFE6EA78C1F15E279
815-Aukstaitija.txt,CB9091979C15B6CB99A0F035F2B054ACD3132ACB922F187A255F7D883705748D
816-West Virginia.txt,15B7FCDED471502DBC3A7D297FB7126921F6BD73C173BE9BC57A3DE0F7F45A8A
817-Gobi.txt,F56CFC11D524FBB3F5F9B6ED4D62243E1981AB0C1DB57063BB45603E2E6D8B7C
818-Khovd.txt,9EC2015F1A524CC068F42833563A28B0D74B8C127D264029D5141B6FF5DE83E7
819-Dornod.txt,D8CFC64C02D7CE2514E67263CB00DCC1E025BE027799047F5EC94616803B21CF
81-Oltenia.txt,2A701840701F0560561F0197782F43818B547F2E6EB6466C9AD3178B02051AB2
820-Khovsgol.txt,6FC97AE9111E88516381730037731B73A6BF4C6B10822462FAB8B4DCD914CD1A
821 - Chenchnya-Ingushetia.txt,BDDFE920FCA07DD23EC7D28F2FCB0069255A18065C525429EFD0B221EF890BC5
822 - Chukotka.txt,3F089F19302DD506E6156EFF3C4BB8A6619A76577CB961D34ACA132F54ADF296
823 - Karakalpakstan.txt,6F841D02085FD2411EF77F308C223D59747AA46600F32D70454FFB934AD8E2F4
824 - Yamalia.txt,66F91B25AB4FDDBA786E0C0C168A11ADF543CC979A0945F8DED6D7E37AC94D68
825 - Nenetsia.txt,FBC45A887C2D7257F2D4E705B35C39C412B9EF8D3D69D09FAE36FF471C0BFCE7
826 - Abkhazia.txt,1536ED7EA1520D815AC69199B21C7FC51C860D89F077BEEAC5A2F35CFD97295F
827 - Kabardino-Balkaria.txt,1E228B6A55DDB0493131D4C73DD8D7495DA7A9181EF021B6854843D2E31FB98C
828 - North Ossetia.txt,800096B3199B56CC8D12F8C9E3446CE8E0ECF770D0D120054DD5833E85BBF254
829 - Volga Germany.txt,9466E0FFE5AA71F98F53E29445DD3328EAFD3B7E5FCB668F726AEAD03937423C
82-Banat.txt,ED6C0C8044349C237DA9293061BF52EDB81EEAF3C6EE37F92F215C924A4E140C
830 - Bukhara.txt,4C748111A675DDCB14325EF2E3A036FDA842ABE6A9BF044499ACE6DE017399D8
831 - Khiva.txt,00E287A84ADAC6AEC8E1EBACC9F9AF545F8F869B327AEC6651E2D758159525F3
832 - Dashhowuz.txt,F25025E1FE1100567E2FC83EB1D65C387CE6B819EC7F1183A487C083E85FB32C
833 - Mari El.txt,ACE766770DF08D3FEE6877D2E3726C31063BB86BB4F27012462272348E620822
834 - Balta.txt,0C5BE7AD6A50E1F7802D9763DB27D78BAB35A41B17CC372885A336C6C16B5EF2
835-Haraghe.txt,3C243AE17A0A5CC0FC92829738584AB7B486373B5D954FA300AB4EA32E2FCC6F
836-Bale.txt,6294C35515DC140FEC4153803E6A0B87E09BC8255255AA637F23503C3C8D1FDC
837-Sidamo.txt,3FF0CFA65C92E3FF247193512706AC60A71C8CAD7544FFEDD8A7A95EB9933CE7
838-Illubabor.txt,DD2429116EE24438C2B09BADF03B8BE2A819B7EEA4488463BF9F75E25972D250
839-Welega.txt,E13EBA5DD98B6A3955AA21CEE732313A77D3893EFDCE8602F272FFF5E5D4DE72
83-crisana.txt,901212CE458DC6027F6406B4F7CBBCED8F1328A84B18370F32D2C3AC4E06ABFC
840-Gojjam.txt,35E2A7BAEFCD97D917F8815D7F8F3B281D24E460679C370C0C88747DE34FE61A
841-Begemder.txt,0A4B28E1353AED48BB86D1B6BD7FFBC88418297E69FE7BD779C1858BE49D767A
842-Tigray.txt,77351D51D2B0923EA2EC059D1A0A0316670655D1D0A73448C022560FE762D826
843-Wello.txt,62D4E1926C1736852350130091A0ABB45E00D02497D0062821355C8B69972EC6
844-jubaland.txt,A2074D4C9412BE3FD1FA0DBCFDE54E6C4D99ADD9858444C0B3CCABE2475726C7
845-Jura Mountains.txt,2910BA01260FC4C7B86A27E38FCCF1B63A9676458CA58D204C72BA4DCEBC5FBA
846-Ticino.txt,4C49A1047C4384F8282B7DAD8992A02BD82FE69C8A0D3C465B03D1515801DD48
847-Western Swiss Alps.txt,3A6E54326C4251B85C47E8236FF9243273C065536F44F37488BDDA105F7FC4DC
848-Voralberg.txt,CB4953D2EF51FEF40CB7D1A582021968798D720DFF15B8E6720BE18AC2AEFDF1
849-Puglia.txt,B9F63E7AB802D0B26448F0B6794B0F6F6354F46A905FB1DFCCAA7236ADAC1E60
84-Transylvania.txt,C946BF15D71754D5FA607A4A12E9F7309691635A7DF39B8E3A057E0E0197814F
850-Trentino.txt,71CAC81FBCF35BCE012018152AADBBE9AAC5E7232D3514D284809B09F0496E63
851-Var.txt,E0EBF9DF64282A4EB11394694F4638733E14C708DD264D1273778AA84C17DFA2
852-Istria.txt,9EB9EBF435A6B1A4D768A308FBD22B40A2B9F2C7A9CA094728C8A8BB917DE78C
853-Ljubljana.txt,6AAAC281C52ECF72406F8BE65FBEF372232550767EB125E9F08D7C44655CF505
854-Jawf.txt,422D3D814A0CD6D2C69B46FE46257D5A0F973FE426A5092AF3D2FF2D2240C594
855-Tabuk.txt,35135F563123F3A018B33E5B34FF30309527325CB484C5F368DEA17FF052F07E
856-Asir-Makkah.txt,BC0840129139CF2EAD02E300BD782DBEF84047E6EDC61E257350F8C9C92EDDD0
857-Ha'il.txt,1AD3A1FC9B43DD75BE69E2DE730ED4BB682A095C0C91447339FB9A9772E885E2
858-Najiran.txt,40D01CE81B76B5B4F8165AFD425091C7EDA0DA9DA45260FC40C99501D24230AF
859-Dammam.txt,33095E78D489C81BD7DF93206A69BA7B10B4000A9CBC3BF9FC031A2F08F3611B
85-Danzig.txt,A222DDAEB3402BEA10AFDE710AA0B1B779FE0C959D875C7F08E721FA15DCB446
860-Cote-Nord.txt,51E2DD524D94F6A3C1B820684FED93ED525E5DA19704E2292C306B7635109BFE
861-Saguenay.txt,77E4053B41A8A72AA9F300A2FDF13CCFB455E1CD142C309D6C71EF82823E9F43
862-ouest du quebec.txt,D424183EDDA4E32DEA2CFF2DC8DC20961724723D8D0F5A132A60C52F6D5A5971
863-Maurice.txt,2AED070332E66598F4314B4BF1B2F9BADAC99D13DBBC2A44F604490E1300DF8D
864-Yukon.txt,376A0184AB86E69F619828D86418FED2C5C451E215BF0B5BAEA42F67C011433E
865-Northern Saskatchewan.txt,263C3194D135B7CC7EA6B7D48F2D175290BDAC294A0E537CEC35791FD5D8B239
866-Districts of Ontario.txt,F98BA2D7FBDE7E65C4C666E304466BDB5B7189CD3ACADE4DB60CAA00C86D6B6C
867-Northern Manitoba.txt,245185AF03E49250B87F11F8A845B99F28D971B88496A839A723B2F840B7637B
868-Isan.txt,F807193449C172D2651F52C408EDC396A763BCB78ECCCC51577FF864F246A088
869-Lanna.txt,B7A12BB68E333224ECEFA9A549CE1CE19BE9D8832D6923BF47897A847C8ABD74
86-Poznan.txt,C781934D46C6626BB83AB488412E54BC9EBE8D08D94A3943C6755B19510D7B53
870-North West Australia.txt,3B5A21CA1196D845CBC2AA329F910CAF7541E2BF01A7F153049441B0D96CC326
871-South West Australia.txt,E37E2DA9532FCC569059BC023CE480CAB814987FE597217C52EBCDDE7EA0F075
872-North Queensland.txt,8887DE54F9DAB7F6FB0F43A1CB6355E92B3291A9DD6501B2D53F70CB8FA04B54
873-South West Queensland.txt,2D873C846D1B01D2B902351EF6C952F274CAA05B364581A033D3FD463C05B033
874-Magadan.txt,D11D04C8F7A1E6564BE96C3E8D5113E372084C6753C7A95F62C4BA70EBD85F7D
875-Chukchi Peninsulay.txt,446581DAA7894C3C922BBD4E731D173096228D37E5BE2C98C2280E9D8F2B93DB
876-Udachny.txt,DEEF533BC276F4E45A7C72D62911DE8817C6A5D5D09F0E64B3D662BBDE1F527A
877-Verkhoyansk.txt,EF30C62EF5A8CEA780657F5B329A91CA7F175E91216897441BC6D22E62E95866
878-Khatangsky.txt,8C0B94B0072F7286890D806ABAB6D7136C4ED63B0CF6EE7F906F53EB18B974B2
879-Kargopol.txt,5EA5482907431940D6AEFECA94265FB6F2735F43BFB16B8EAF58B2E4BB62CE6F
87-Lodz.txt,B21F94411FA3795C2BB71BCC014308C198E1A6253F4C34BF72E4098A357ECCED
880-Kotlas.txt,B607D781731F59345E94B2C49E7A68EE50D2C82FCDBC16D5B0B210967A25DA23
881-Karagandy.txt,33C62B4425E82B4C8C21D821FC900F7F2CEA75EEA3103CCE6C1331027EA2BDCC
882-Pavlodar.txt,52ED172E9B4C4230D8461056AB26D88E7E24B1920C67AC5AD473EBCFEFE13439
883-Kassala.txt,FC055A98532270A020F186DE88C01000D77C8A0AB4B8FE83054AA61EC5CD0C49
884-Upper Nile.txt,942EFD1C86CB90216A912446655D7F24742AE6A12B2EFA6176745FF6A99824FA
885-Bahr al Ghazal.txt,FFDA596051DF6E13A8AAF0C78839E5152B78AA6D3F2D5A5D51FFC455B5A22DB0
886-Blue Nile.txt,25B485AF881E1AA0374517660F1128DC573635FAF985DFCE5EC8C45946FAC3DB
887-South Darfur.txt,C0034CDF21AF020C910DC831FBEC6EDDAAADB2C4E336658C24530E61D5919F28
888-Lusambo.txt,FD0481FB4F0B6152FE2DC5A2B88C947FC3354ACCD139E7F833182828C5A65584
889-Elisabethville.txt,33D8005CEC10DEFA61E95C4A54494AD630D9DDF4AFBB87FE65618097D5A44A67
88-Kielce.txt,D4138AE05BDB1A74F54CD1280E2922259905242D87C6BCA847DD8104C89F6F9C
890-Costermansville.txt,5474911D722C59860230735E805D1E15BEA5A16562F78564018206EDD96B49C0
891-Zambesi.txt,564093812C0677BD754F66BE3969E9A58C071C75C6C569DC047A0FF816B9A10B
892-South West Angola.txt,EE433490FB380A426D2CD9F64E995367548FD90CBAF0BECEF6B5380D5390E6E4
893-Karas.txt,35CCC17C86595E337B3D5349E3235E3D6E22A26D8E771D1A0D58E9EE4FF7EB53
894-Kuneme.txt,A98628C1528E61B7FB717C52EDD9AD0E05B7EA41465C3EB618947D34C7A90284
895-Kavango.txt,FA42BB9EB4BEE5D50E474F8A854C0302E402602FD0F5429A648C5320F61C0B6E
896-Manica e Sofala.txt,F40286FC01818A52D5E53F48507533E79C403C8AA4B46B57BD6703D10C73ADE0
897-Zambezia-Mocambique.txt,84A1CF9A829626A443E92D1D98382542E85088F0B156C75E4B5A192C0F04DDF2
898-Gao.txt,FF969595F77C749A3333D80B5445A861EA1889B197C7D30B96F1985D29C26D0D
899-Kayes-Koulikoro.txt,81B76A3BDC78B6E9824C5EAEFF7BD2F982CB69A53C77DF5334E9BD3DD8F69ACC
89-Krakow.txt,49FAE244C7D3D24989A132CED3443D1CE488BFBE9EBFF328E91764E4A2C7E0DB
8-Luxemburg.txt,EF9ACB092071A1222F90BBCDC7451189ECB097E25D91070C6682DD305093A076
900-Benue.txt,249F65EDDCAB5ABDFB058E72D10654A784C9ED2BABDC1245D5E19B712EA1E24C
901-Borno.txt,D0C77E1463330D1607B08F9A7F8570F0003D0F718B8DB8165DD6423EFEB5BE98
902-Sokoto.txt,8FDDDE79CF65FB51CD372D8543C9328FA790EDACF96CA89457F5FEA4B1A4E3B5
903-Garissa.txt,296F77A48E6075EA000D959E21F23DBE54192ABBD5CE6CF1BD1D67D8F63B14D1
904-Nyanza-Rift Valley.txt,C07E9D1EB9E176D44FFDE9B31BB0275197BF8DCDB3451F5F3FA461F75FE696B6
905-Mombasa.txt,AF679CB1F685BFD1A69C8EDF0ED3AB05E82498BD3EF7D3D55A49A49FF1C4054E
906-Socotra.txt,303114CC35FCF0436E824529270C27EAD331493AA93D896A09773FF2A8B595DA
907-Cairo.txt,1F6DE0D27644689968A90ED389668EA97934DE86A212B05026B2B226F9C91C0A
908-Afar.txt,879E847F6BC34058AD7831C367572553DFB4ADFFCF26AE9242E69884AB381910
909-South Schleswig.txt,6A6A31DB38CD3A84F89D5187132C0A0BAEEDA9BA783D6926DB4732EAA2317DB8
90-Lwow.txt,ED9222C0C91FF7FFA49209E9C30C650D2E8FB4F4B85180E2A44B6936DDFC06A3
910-Bornholm.txt,6691F3CA03726C2F6DFB9DB503C3005B5F1FB24502D94D827C91887E1BF1918E
911-Fyn.txt,788B5113783F45B418346FE9E7C883A6843A667043A87AC95BAC5357FE4BA88C
912-Sonderjylland.txt,B679C305B319434DBEC6F4660C1CA09DDE7BC54D59E4DEDD99DE45FF88246350
913-Ostergotland.txt,A1C42F53DD6DB4CA7AAE90F29472CF3DED4267B02E4212B62EB7E7FD3790C5C0
914-JanMayen.txt,11265F52342450E19C421A330AF05F5BC19E558D5DB049216FAC1460887CC200
915-Bohuslan.txt,419B0852FD77B9BA532CC08BA33B381A4D3671D070F2D6383DE71C47FC13CF80
916-Dalarna.txt,CCD20D22B84D9703BDB8E793CBBAE3EFF8ACDA7F775B3954006515AF6E6C9283
917-Jamtland.txt,44646ABA40DB03ADCB317AA3092E87E75463CDE48D9B54DC0C7B0988B41EC7BB
918-Vasterbotten.txt,56B2087CE8F439267DDFE76DDB505957FF9F5ECFC9C25AAD8ACA28C24BCF8341
919-Varmland.txt,EF1692C9843A1809F9A34DCE13CBF8B5E8D39F4907FFD8C78F2BCDF12A2CB3F8
91-Tarnopol.txt,1517F0F9D506653385C196C8C41669847FC9CFFCFA3731A443A6B1CE40023F73
920-Opplandene.txt,88FDF65C0F2E1B62B630F9F202722152B7DFFAB26963C76BCEED4760335D6903
921-Telemark.txt,58E9B3E0BF4537231324AA7E649A4DC58A36169E89B6915D0042CB331F5B129D
922-Agder.txt,CAFC287EC6143996D13987290CCAB761FDCD723BC6EF2378A8330B5502A98D93
923-Helgeland.txt,B355FCAA810B598AB2EDA56F6454C42079FCD70F0CCFDD22C04235334B4207EF
924-Troms.txt,6045E5E3AB416089DAA05DC93A536F178051AE44D3B744ACA711CDD1FC55B4CA
925-Finnmark.txt,AF14972A50635A7D7AA331CC8F0132B49D792A57D72651DBE5E60B009394BBEB
926-Turku.txt,0CA60C78E2682286C56FA764268219C67A4CC5F778814F79A909CD3D0FDAE620
927-Hame.txt,3E0F23E5FD1B7D1AC51D9E1371B9041DE254841530CD4BF10DEB782B23A58E82
928-Kyme.txt,DB937F6797505FCDE69BA6E92E143779B51578B3086E352F357031EF10950B20
929-Oulu.txt,B08186102E485A9719E9125FAB7A27E111F9C1F7E4F733E401CD69B0399143DE
92-Lublin.txt,9B048E50B9525795551F67E835977FB3753B67296FD330C3A5D2122F8A3793F3
930-Mikkeli.txt,231458F11661DC3B7AA8925C1DEB848D3780625323E3DD39E1672F83D6C2233C
931-Cumbria.txt,98F2379A5A1F4936BDA9E3BA9BE90ED9569A331CF67E38F4462A4AA98DB9D534
932-Isle of Man.txt,BD2901E988FF47A30447E788C088923C67F5810590AAF9985964AE43B586075C
933-Shetland.txt,5830C8A3BEB0E240802F2E2F75491B7A951007D4F57F96E01D9F171358164AAC
934-Shkoder.txt,A2EE33ED61808647698022CC220D24D59CF0A0189490DCC1BBC546FE5A8FA823
935 - Ceara.txt,5812EE5728B0E9BA756198F2F0CBA3B4F4EA587F597242214D7301B31C05BDAA
936 - Pernambuco.txt,C277D625CAB7010F123865F7AAAE4B650A7D13EFD9EF523851F5F451FC989E36
937 - Piaui.txt,9BCACE7B4B793AC916CF465256920BFA053904C677D9ECCF14F16968B05F8053
938 - Para.txt,5BF57217A799D15169920395C2D7B4D13240A7D2C05A8BB669BB057C8D055FC1
939 - Amapa.txt,8CBD7991D4CCCE9686D13975279C4F957462FD7B3F400077F1D1848E3B62C456
93-Volhynian.txt,98B6D5FCE064C660B4AB3469694C212E27EE339D12178E857ED0F5CAABA387C3
940 - Acre.txt,94184EFFBE6737825618C1588E9B718A23C6DA33817D38014E9E0D6E980AC341
941 - Tocantins.txt,7867B4904864E7752CF2A5716B9D4E5A3C8C1B408848EE2E63ABDA68B416773E
942 - Rondonia.txt,7464CAB847DC7F31DFD8B98CC557EA61EF273A509A87293530F53AA9F523D06A
943 - Espirito Santo.txt,3349ABC55B7B0D50047927D76368FABD59AD326889D3A7C997F996CEB4288DFA
944 - Parana.txt,93FA64CFDAA54B21CE8DF2B14D41A861CF88AA8AC226831C34FD1652AA918FCE
945 - Cerro Largo.txt,79F6F5515F6C390C3A5870EE582ECEB37695E9E131B0595C75BD1E851CD58D9F
946 - Paysandu.txt,CFC0432F07FBA927924A1BD24D4013CCD010BC22B0F87ED281F35E8526756605
947 - Tacna.txt,3623661C4DE0C7E58C1CD24EE863F0C79DB5A4D357FCE7B570BE35BFB4659610
948 - Easter Island.txt,59876AF446D21B062D5C0061F61D9FC04C7B3A6773FC02FE0AFE4106A5DB09B4
949 - Aysen.txt,818A300695958577125CE515C13551B6ADA859B7246066518CF94FB21CA3F465
94-Polesie.txt,7D2BB27F12BA3C02681E25B668B9A6C018CAFC08F78C1E1F96B9A0AA7103D70D
950 - Araucania.txt,5A1840CF6EEFBB1EFA4400E2BA72E996F39FD48FAE1B1E809CD500720806849E
951 - Arica.txt,E5889255106E361F3F26286EDCC3E0C04516C0599053CFA8FEA6E1630C43518A
952 - Atacama.txt,39DB445FA4082481FF8A8D5CF9ABAA61C356E65C8AC7DA4B250F55769338791C
953 - Tierra del Fuego.txt,634D41349890BE485A0FA99DC0BB15ABF19DB7B8CBCDFFF4E9AD8C7B74A17770
954 - Santa Cruz.txt,E5BBA2597F4AF8F5D63EC193A4825A8B2AED19CA92EB9D47E2472AE0C1216C04
955 - Chubut.txt,44A533E027B6263217369CC77D5ECDE4FEF75813C7EE713C560897BAD5C78B96
956 - Santa Fe.txt,BEFACDC294D6533E5BED179A4C9ED0E8DA480602B8AF5BAEAA2EA7A49463B50D
957 - Formosa.txt,76FB408E787F1F543B14B3EEC3A03007B2CC723B41F1BECE53E3BB859B5A66AF
958 - San Luis.txt,6F1BB620D6F3AA80D9BE81B69923F43E7E4A159610B4C5554DE17F60A5531AF0
959 - Los Andes.txt,DA9C7EFAEDBB0123EF17F792787F27ED8DF97958FF6A45EAC9384AF195AAE759
95-Nowogrodek.txt,4447A7E084F705485221C38D0D805961C3BBA4875296C0DB2D4026BE4186C209
960 - San Juan.txt,7C3BD6319EFCF0F8600473768A16641EC07D3E466CD45735A109CC9184DE70D5
961-Deep Amazonas.txt,8A3BDA37A10A21C980D13EC2664B97CEA827895A23E5DB31562ACA5873AB9155
962-Deep Amazonas.txt,141E6C037CF06B9586761DB753056480F0CCCF08994E3FC01A6D6551D5F03482
963-Deep Amazonas.txt,BB10BA1CF5E543E98D7BE7189C7489A64B9FEB4DD4946ADE0C729A63525FE78E
964-Deep Amazonas.txt,4B35877E37174F1758E8457D39E222394C1ADE6E61FC49FEF77B9919EB621076
965-Deep Amazonas.txt,750364CB12060AD594E8642EF4CF1E129E0F11C14A999B074CF42B8EB106CDED
966-Deep Amazonas.txt,51FD1A5441815C50AFD45A39A2858CA4ADAF1CC912237C6AD248B2CC8477D997
967-Deep Amazonas.txt,680FF8C200C03FC2C07DEEF23E59CF6C103A766AA4BE49C67DDD7128BFC04F10
968-Deep Amazonas.txt,68D58799C99E0A0435AEACEE42A7C440E60DD03B95179B51F8B573D85A227E4F
969-Rio Branco.txt,2FE7347ED88F2ADD2A43F4204ED6185D1CBFADA686F0475A8C7C30678C6624D4
96-Wilejka.txt,2A1C41EFD41DF91485D161C15495E9FFA93328CB95B78A973281144AAD7B4975
970 - Western Macedonia.txt,8086486579CF9A088D7232ACB02E4E1F6E5DDF8A9FD65432BDFFFA55A38B0EC3
971 - Northern Dobruja.txt,D1752BD462EF547428B780CA4058527DBE17558EEF05BE49B4BC0B616D0CD0C7
972 - South Sudetenland.txt,01D025C87A746477F804DA14560F7BC6721A41982C25E4F2DF7353E31A8E55F8
973 - Bacs.txt,F7F8FBDD344D2F8DFBC050382FB59327EE7B4D5FFD193E8A1CBD37B3EE659F1F
974 - South Transdanubia.txt,286AFAE8016E13C95A7A7595D28E2A5516AD860250DEE2DFDD5FADC921669C4B
975 - Burgenland.txt,250EE4B525AEA5EDE835DE96E550ECA90FBFE101F2F21CCDFD0D683172E90E86
976 - Steiermark Karnten.txt,AC5884C19A6F8A5CD9E0457EF22DAB3FD3B49A21A4D8D2F685D7E1BEA04DED8B
977 - Antwerp.txt,4799D8A096C8573514B2730E7304B1AFE03248EBEABA14C0EB578415FDFBB6D7
978 - Actual Baden.txt,EFBD9B807091588786344F7BC7A152C78BCA9524BB8A5875145239EDC0F79CB4
979 - Kaiser Wilhelms Land.txt,E708F04C14BD85ABDF3557DF9A114D22A70A1E307A82FBE2DC0BBD3F2D858349
97-Bialystok.txt,91DC14B730DB5868D7EFF3BCD0ECD15D6861E6A8A51560656681C01F86B5C90E
980 - Ardennes.txt,BB2B96E48A99208AB2654D5C6213513C7BB969F880E06F719E015AE44AB2F2A9
981 - Barotseland.txt,BA052BCCA73227D68D1B4F355FFB9F7D57A9AA786BEF18C8D10FAEE466BB00B3
982 - Madras States.txt,ADC1A9EF21931D8504C920103314638957B126145769F98F2D84C0E404071CA8
983 - Deccan States.txt,25ED4FECC7DB88EFE903702B1657A75ECC17ECA1E4F715757685BBD51E4438A8
984 - Bastar.txt,42164C97A609BD3050A87A9F5C0734E55403015C66CD0E895639D79B2D391BDB
985 - Sikkim.txt,BB4AFCD9BAFAD9CFE41C10C9371BC76C9C135BF81BD49D6B27A0EAB76AA13AE4
986 - East Punjab.txt,E540D4969ED74FD98AAE05EE0565429C34746DCD6E1353707A4ABDA4EFD955D6
987 - Waziristan.txt,B678AD6E0174661FF64C0831DE6D0E2A4915FBA0D76583A930F81FEE844584CA
988-Baluchistan.txt,931EA3EBCBB0991641CA9F8DE10BED550ACC0032233FA935DC43D337189D2DFE
989-Bahawalpur.txt,F4929A2E0B5A4A9B8F736C98738EC539050C3A1FCBE2D87941005B455A28B9AB
98-Mazurskie.txt,B6CBEA9EEDE982351DFAF6FBE7103E93B8A38F8A5B2C25DC5CB8BB50707FBBEA
990-Manipur.txt,4CC30CB05DD356665D4D9D2029C666B0EE5D2A06D33F97D73EF73A43CA306161
991-Gwalior.txt,F5F730B9BFC4DCE28B2A38E033DD44AB338C9B614E9646563B8BA196ACAE3250
992-Province of Aden.txt,A011B4629F5D0B41D7FE6595EB33AED4369A97127EECC80760CC851D09FEAC04
993-Kentung and Yawnghwe.txt,5EE0F81D19CDC553E5EFB7439641CFB065DEC0B4CA2FC5541B15B73997D1C3A2
994-Tenasserim.txt,3A48BA1E2712207824102B2C10A8C4D9AE19C209F25D973D0CA8AE85EA2BB792
995-Pegu.txt,56BF7732346B849C301A85B0F3139B4F794DD3061A0EF08E7DDAFFA31D5F65A0
996-Irrawaddy.txt,EF12B0A8BCC3C3B949315F397D916C4DB92AA710BE4F1FC8CE9416B5ED52D6B7
997-Arakan.txt,A9261AFBCB63964B0C0093C0186F167C4C48130545D0D8DDA11FC08EFB75AF82
998-Sagaing.txt,A44F390AEAACA7B69F2DBD5A210170130FC1FEDC9E90E68208D632A3F1271EC5
999-Federated Shan States.txt,49B18279DCB8F463D86E84CB14CC1EC3C926D45DDBB20AA1593AB8BE63B0882D
99-Jutland.txt,F5EE9227EB63F09988F957E46AB4B31D0161A6BC12F549B7482096BE50512061
9-Czechoslovakia.txt,0305620291A5478CEDB34F4C710C50B1E7CF2810BAEDB6F91D5A59706568CC45
