decision_key,family,phase,owner,target,kind,visibility,requirements,dynamic_cost,duration_band,success,partial_success,failure,values_changed,ai_logic,cleanup
guarantee_sovereignty,Protection,opening,unifier,independent African state,clickable decision,outside state under colonial threat or major-power pressure,"shared border or access, target not hostile, capacity available",command attention plus infantry equipment and diplomatic exposure scaled by target size,instant with cooldown,target becomes protected partner and gains confidence,limited guarantee with lower confidence when access is weak,authority loss if guarantee is later broken,"authority up, target confidence up, colonial pressure up",prefer threatened nearby states and avoid guarantees the AI cannot support,"remove if target annexed, joins hostile bloc, or guarantee converted to membership"
open_aid_corridor,Protection,opening,unifier,protected African state,clickable decision,"target at war, undersupplied, or facing colonial intervention","route access, convoy or train capacity, equipment stockpile",convoys or trains plus equipment and temporary civilian capacity scaled by distance,60 to 120 days,"supply and confidence improve, corridor becomes active",reduced aid arrives with attrition and smaller confidence gain,"equipment lost, authority falls, corridor exposure rises","confidence up, reach up, burden up",use when target survival chance improves materially and route risk is acceptable,"close on peace, route loss, target defeat, or manual cancellation"
dispatch_charter_mission,Protection,opening,unifier,outside or protected African state,timed mission,target can be contacted and is not a declared rival,"diplomatic staff, political attention, transport, local security",political power plus support equipment and local access scaled by hostility,90 to 150 days,reveals accession preferences and raises confidence,reveals only some clauses and creates local opposition,"mission expelled, confidence falls, rival influence rises","confidence, rival pressure, reach",prefer states with compatible ideology or acute threat,clear mission flags and selected envoys on completion or invalid target
deploy_volunteers,Protection,opening,unifier,African state at war with coloniser,clickable decision and deployment mission,target at war with colonial holder and no volunteer route is active,"volunteer access, units available, target accepts help","trained divisions, equipment, command power, supply burden",120 to 240 days or war end,"target survives, confidence rises, League invitation unlocks",front stabilises without decisive victory,"volunteers destroyed or target capitulates, authority loss","authority, confidence, colonial pressure","send only when front access, supply, and force ratio are viable","return units, clear access, and close mission after war or target invalidation"
intervene_against_coloniser,Protection,regional,unifier,colonial holder attacking African state,clickable escalation decision,protected target is attacked by a colonial holder,"authority threshold, readiness threshold, and valid war access","equipment, fuel, trains, manpower, diplomatic cost",war plan with preparation timer 45 to 120 days,war or forced settlement begins with target protected,limited intervention through volunteers and sanctions,unprepared escalation lowers authority and raises burden,"authority, colonial pressure, burden, target confidence",choose war only with favourable strength or extreme threat,"clear preparation if peace, target destroyed, or war already begins elsewhere"
evacuate_leaders_archives,Protection,opening,unifier,collapsing African partner,timed rescue mission,partner is near capitulation and has a preservable government,route exists and leaders consent,"air transport or convoys, intelligence capacity, command power",30 to 75 days,"government in exile, leaders, archives, and legitimacy preserved",partial evacuation preserves either leaders or archives,route closes and confidence collapses,"authority, confidence, restoration legitimacy",prioritise high-legitimacy partners and accessible routes,"remove rescue targets, return transports, create exile state if successful"
recognise_provisional_government,Protection,regional,unifier,liberation movement or breakaway,clickable decision,movement controls territory or has credible organisation,"diplomatic credibility, relations cost with colonial holder",political power plus equipment or funds scaled by legitimacy,instant with diplomatic cooldown,movement gains legitimacy and League access,symbolic recognition without material aid,false partner scandal lowers authority,"authority, colonial pressure, movement legitimacy","recognise groups with territory, support, and viable leadership","clear when government becomes state, collapses, or joins rival bloc"
secure_border_sanctuary,Protection,regional,unifier,liberation movement,state-targeted decision,"adjacent controlled state, movement requests sanctuary","garrison divisions, supply, local support","infantry equipment, trains, tied divisions, stability risk",120 to 240 days,movement gains safe base and recruitment,base remains hidden but weak,foreign raid or local backlash damages host,"reach, colonial pressure, local support",use only on defensible border with adequate garrison,"remove sanctuary after independence, exposure, or target destruction"
break_blockade,Protection,regional,unifier,blockaded member port,naval or air mission,port member isolated by hostile power,"naval access, fuel, convoys, aircraft or ships","fuel, convoys, naval or air XP, repair risk",45 to 120 days,port corridor opens and confidence rises,limited deliveries pass,"ships or aircraft lost, colonial pressure rises","confidence, reach, burden",attempt when escort strength and air coverage are adequate,"close if blockade ends, port lost, or member leaves"
emergency_relief_column,Protection,any,unifier,member hit by disaster or outbreak,timed relief mission,"disaster, disease, famine, or infrastructure collapse active",route access and relief stockpile,"trucks, trains, support equipment, manpower, civilian factories",60 to 180 days,"deaths and local damage fall, confidence rises",some relief reaches target,"relief fails or spreads disease, trust falls","confidence, burden, diaspora trust, ecological wrath when relevant",prioritise severe crises and avoid unsafe disease routes without protection,clear relief teams and temporary access on completion
offer_defence_charter,Accession,opening,unifier,protected partner,clickable offer,confidence threshold and active threat,defence commitment and common reserve capacity,"equipment pledge, command capacity, future defence obligation",30 to 90 day response,target becomes associate or chartered member,target accepts only guarantee and observers,target refuses and may seek rival patron,"confidence, authority, burden",offer to threatened states with compatible security needs,clear offer flags after response
offer_development_charter,Accession,opening,unifier,outside or protected state,clickable offer,"development gap, route access, acceptable relations",project capacity and target consent,"civilian factories, trains, convoys, engineers",60 to 150 day response and first project,target joins with development clauses,target accepts bilateral project only,project scandal or debt concern lowers trust,"confidence, burden, reach",prefer poor but stable states and available corridor projects,convert to project chain or clear on refusal
offer_federal_charter,Accession,regional,unifier,high-confidence member,clickable constitutional offer,"federal route, confidence high, representation available",constitutional capacity and regional congress support,"authority commitment, seats, autonomy guarantees, integration capacity",120 to 240 days,target becomes autonomous federal member,target requests extra autonomy and delay,target refuses and confidence falls,"authority, burden, confidence",offer only with strong confidence and manageable burden,clear draft and lock duplicate offers after settlement
offer_crown_charter,Accession,regional,unifier,monarchy or restored polity,clickable constitutional offer,council of crowns route or compatible settlement,"recognised ruler, succession rules, representation","court recognition, ceremonial costs, guard commitment",90 to 180 days,monarchy joins with preserved crown,joins as associate pending succession settlement,dynastic dispute creates rival claimant,"confidence, restoration legitimacy, burden",prefer monarchies with stable succession and high legitimacy,clear claimant flags after settlement or civil conflict
offer_peoples_charter,Accession,regional,unifier,left-led state or movement,clickable constitutional offer,people’s union route and political compatibility,"worker, peasant, or party congress support","equipment aid, organisers, factory burden, ideological exposure",90 to 180 days,target joins people’s union structure,coalition joins with autonomy protections,internal opposition starts crisis,"confidence, authority, colonial pressure",prefer compatible governments and avoid fragile coalitions without support,remove temporary organisers and resolve opposition flags
offer_security_charter,Accession,regional,unifier,unstable state,clickable offer,military continentalism route or severe security crisis,common command access and host readiness,"officer teams, equipment, tied divisions, legitimacy cost",60 to 150 days,target joins under security obligations,temporary command mission only,accusations of occupation damage confidence,"confidence, burden, authority",use when target collapse risk is high and local acceptance exists,end command mission when crisis resolves or member leaves
offer_sacred_ecological_compact,Accession,high chaos,unifier,high-chaos actor or nature cult,clickable treaty,"high-chaos route, actor exists, ecological terms possible",ritual or ecological bargain capacity,"ecological concessions, restricted development, offerings or relief work",variable 30 to 180 days,actor joins or cooperates under special clauses,temporary truce or disaster restraint,wrath rises and actor becomes hostile,"ecological wrath, authority, confidence",accept only when terms are survivable and actor is strategically relevant,"clear bargain on betrayal, route closure, or actor destruction"
renegotiate_accession_clauses,Accession,any,unifier and member,existing member,clickable negotiation,member has low confidence or a changed government,representation capacity and no active secession war,political attention plus concessions selected by route,60 to 150 days,confidence recovers and obligations update,temporary freeze on departure,talks fail and departure mission starts,"confidence, authority, burden",renegotiate before coercion when recovery is possible,replace old clauses and clear negotiation flags
hold_accession_referendum,Accession,regional,member or unifier,candidate member population,timed public mission,route permits public vote and accession remains unresolved,"local institutions function with security, ballot administration, and free access","civilian capacity, security units, political risk",120 to 180 days,result determines membership with legitimacy bonus,narrow or disputed result delays settlement,violence or fraud causes confidence and authority loss,"confidence, authority, local support",use in democratic or federal routes with manageable security risk,clear campaign flags and lock repeat vote unless major constitutional change
admit_member_in_emergency,Accession,any,unifier,state under immediate attack,emergency decision,target at war and ordinary accession timer too slow,minimum confidence and contact exists,"equipment, guarantee, emergency authority, burden spike",instant with postwar review mission,target becomes emergency member and receives defence,protected partner status only,emergency accession becomes dependency scandal,"authority, burden, confidence, colonial pressure",use when target survival and strategic value justify burden,start mandatory postwar constitutional review
convene_regional_congress,Regional congress,regional,unifier,one regional overlay,category action,minimum participants and unresolved settlement,"authority threshold, safe venue, delegate access","political power, trains or convoys, security, civilian capacity",120 to 240 days,congress opens with proposal choices,limited conference handles only one dispute,boycott lowers authority and empowers rival bloc,"authority, confidence, burden, restoration legitimacy",convene where participation and security are adequate,close congress UI and clear delegates after outcome
settle_overlapping_claims,Regional congress,regional,congress,two or more claimants,timed mission,overlap group active and all claimants represented or defeated,"mediation, maps, local consultation, enforcement capacity","political attention, survey teams, security, possible compensation",120 to 300 days,border or federal settlement accepted,temporary condominium or autonomy zone,one claimant leaves or fights,"confidence, authority, burden",prefer negotiated solution unless one claimant is irreconcilable,apply final state groups and clear obsolete claims
create_regional_charter,Regional congress,regional,congress,region,constitutional outcome,congress majority and route compatibility,minimum members and administrative readiness,"representation seats, bureaucracy, development commitment",180 to 300 days,regional charter government created,loose council created with limited powers,charter collapses into rival blocs,"authority, burden, confidence",choose when integration is premature but coordination is useful,replace provisional congress flags with regional government
form_regional_federation,Regional congress,regional,congress,region,constitutional outcome,"high confidence, corridor readiness, compatible governments",federal constitution and integration capacity,"administrative manpower, equipment for common security, civilian factories",240 to 420 days,federated region created with autonomy,partial federation excludes dissenters,civil conflict or departure crisis,"authority, burden, confidence, reach",use only with high support and sustainable burden,"integrate members, preserve opt-outs, clear congress missions"
restore_historical_polity,Regional congress,regional,congress,candidate polity,constitutional outcome,"legitimacy threshold, local support, overlap resolved",candidate source review and viable territory,"administrative capacity, guard force, symbolic and economic costs",180 to 360 days,restored polity becomes member or autonomous subject,symbolic cultural authority without sovereignty,rival claim or legitimacy crisis,"restoration legitimacy, confidence, burden",AI uses only high-confidence candidates with valid state groups,"create package once, clear incompatible restoration decisions"
approve_direct_integration_schedule,Regional congress,regional,congress,member region,constitutional outcome,route allows direct integration and confidence remains positive,"administrative capacity, representation, local security","bureaucracy, equipment, civilian capacity, integration burden",240 to 540 days,staged integration begins,autonomous federal status extends,resistance rises and schedule pauses,"burden, confidence, authority",avoid when burden or resistance is high,convert to integration projects and clear congress state
guarantee_regional_representation,Regional congress,any,unifier,region,clickable concession,region underrepresented or threatening departure,available seats and constitutional route,political concession and limits on central appointments,instant with constitutional lock,confidence rises and secession risk falls,temporary observer seats,other regions demand equal treatment,"confidence, authority, burden",use when targeted concession prevents major rupture,update seat allocation and clear demand flags
fund_congress_security,Regional congress,regional,unifier,active congress,timed support decision,violence or sabotage risk high,security units and local consent,"support equipment, tied divisions, intelligence exposure",60 to 120 days,congress continues safely,minor incidents delay votes,crackdown scandal or attack ends congress,"authority, confidence, rival pressure",fund when threat is real and force can be restrained,release units and remove security modifier after congress
invite_diaspora_delegates,Regional congress,regional,unifier,active congress,clickable invitation,diaspora policy open and travel route exists,delegate representation rules,"convoys, travel funds, security, political controversy",60 to 120 days,diaspora trust and expertise improve proposals,observer role only,"delegates excluded or attacked, trust falls","diaspora trust, authority",invite when policy is voluntary and safe,clear delegate flags after congress
enforce_congress_settlement,Regional congress,regional,unifier,settlement violator,escalation decision,signed settlement violated,enforcement capacity and route permission,"sanctions, equipment, tied forces, authority risk",90 to 180 days,compliance restored,partial compliance and renewed talks,war or rival bloc expansion,"authority, confidence, burden",enforce proportionally and avoid war when mediation works,"end enforcement after compliance, war, or settlement replacement"
build_administrative_bridge,Integration,regional,unifier,autonomous member,project decision,integration schedule active,"local officials, language support, representation","administrative manpower, civilian factories, support equipment",180 to 360 days,administration compatibility improves,limited offices open with delay,corruption or boycott increases burden,"burden down, confidence up",prioritise high-confidence members and critical corridors,remove project modifiers and advance integration stage
connect_member_capitals,Integration,regional,unifier,two member capitals,construction mission,route survey complete and states controlled,"rail, road, river, air, or sea link possible","trains, convoys, civilian factories, fuel, local labour",180 to 540 days,reach rises and integration costs fall,partial link improves supply only,"project stalls, burden and local frustration rise","reach, burden, confidence",choose links with high strategic and economic value,complete or cancel construction and release capacity
standardise_customs,Integration,regional,unifier and member,member customs system,policy mission,member trade route is active and customs are not harmonised,member consent and administrative capacity,"short-term revenue loss, political effort, inspection staff",120 to 240 days,trade improves and regional market opens,limited customs corridor,smuggling and elite resistance rise,"reach, burden, confidence",prefer stable trade partners with connected markets,replace bilateral customs flags with common system
integrate_security_services,Integration,late regional,unifier,member,security project,route permits and member confidence sufficient,shared intelligence rules and oversight,"intelligence capacity, equipment, legitimacy risk",180 to 360 days,counter-subversion improves and rival pressure falls,liaison office only,abuse scandal lowers confidence,"confidence, authority, rival pressure",avoid in voluntary routes when oversight is weak,remove temporary agents and preserve route-specific oversight
harmonise_officer_corps,Integration,regional,unifier,member military,military project,common reserve active and armies cooperate,"training access, language teams, doctrine compatibility","army XP, equipment, training time, command slots",180 to 360 days,joint command and templates improve,shared exercises only,officer resistance or coup pressure,"authority, confidence, readiness",use after successful joint operations,apply final officer integration and clear training mission
negotiate_autonomy_statute,Integration,any,unifier and member,constitutional decision,member resists integration but wants League protection,route permits durable autonomy,"representation, fiscal terms, security clauses",political concession and reduced central revenue,90 to 180 days,member becomes stable autonomous federal member,temporary autonomy delays departure,talks fail and rival bloc gains support,"confidence, burden, authority",prefer autonomy over war when strategic unity can survive,record statute and hide incompatible integration actions
launch_local_settlement_programme,Integration,regional,unifier,member states,state project,"border, land, or representation dispute active",local consultation and security,"civilian factories, administrative manpower, compensation",180 to 420 days,local support improves and resistance falls,one district settles while others remain disputed,forced settlement raises resistance,"confidence, burden, local support",choose regions with realistic compromise and available funds,clear district targets when settled or abandoned
grant_core_recognition,Integration,late,unifier,integrated region,capstone decision,all required integration projects complete,"stable control, low resistance, representation, route condition",administrative commitment and permanent constitutional obligation,instant after long prerequisites,claims become cores or equivalent integrated status,limited core group while disputed areas remain claims,premature grant causes rebellion or overextension,"burden down, authority up, confidence stabilised",grant only after real integration proof,remove obsolete integration decisions and retain minority protections
impose_emergency_administration,Integration,any,unifier,collapsing or hostile member,coercive decision,security route or emergency conditions,military access and central authority,"tied divisions, equipment, stability, legitimacy, colonial pressure",120 to 360 days,order restored and review mission starts,capital secured but countryside resists,occupation war and mass departure,"authority short term up, confidence down, burden up",use only under military route or imminent collapse,"mandatory sunset, review, or conversion to occupation state"
federalise_restored_polities,Integration,late,unifier,multiple restored members,constitutional project,council or federal route and overlap settlements complete,member consent and shared institutions,"representation seats, administrative capacity, treasury contribution",240 to 480 days,restored states form durable federal chamber,consultative chamber only,dynastic rivalry breaks federation,"authority, confidence, restoration legitimacy, burden",use when several monarchies or historical polities are stable,create chamber and clear duplicate court negotiations
survey_continental_resources,Economy,opening,unifier,one regional overlay,survey mission,region accessible,"engineers, geological teams, security","civilian factories, trucks, fuel, survey equipment",120 to 240 days,resource projects and processing routes unlock,partial survey reveals one project,teams expelled or lost,"reach, burden, local support",survey safe regions with development potential,clear survey teams and store discovered projects
build_regional_rail_spine,Economy,regional,unifier,named corridor,construction mission,states controlled or member consent,"route survey, supply need, construction access","civilian factories, trains, steel, local labour",240 to 720 days,"rail, supply, reach, and confidence improve",partial line opens,cost overrun and local opposition,"reach, burden, confidence","prioritise capitals, ports, resources, and fronts",release construction capacity and register completed corridor
expand_river_transport,Economy,regional,unifier,river basin,construction and policy mission,navigable route and ports controlled,"boats, docks, local agreements","convoys, civilian factories, fuel, engineering",180 to 480 days,river supply and trade network opens,seasonal route only,"flood, sabotage, or local refusal","reach, burden, ecological wrath when intrusive","use in Congo, Nile, Niger, Zambezi, and Great Lakes regions where viable",close temporary works and preserve ecological clauses
modernise_continental_port,Economy,regional,unifier,member port,construction mission,port controlled and sea access useful,dock capacity and local consent,"civilian factories, convoys, steel, coastal security",240 to 600 days,"port capacity, navy, trade, and diaspora access improve",commercial expansion without military facilities,foreign sabotage or debt crisis,"reach, confidence, colonial pressure",prioritise strategic and underdeveloped ports,complete port tier and clear project flags
create_local_processing_chain,Economy,regional,unifier,resource-producing member,industrial decision,resource surveyed and factories available,"energy, labour, transport, member consent","civilian and military factories, machine tools, temporary output loss",180 to 480 days,local value-added industry and confidence rise,small processing plant only,elite capture or shortage increases burden,"confidence, burden, resource sovereignty",prefer high-output resources with transport links,replace raw-export modifier and close duplicate project
continental_procurement_contract,Economy,regional,unifier,member industries,policy decision,common reserve or development charter active,standard specifications and payment system,"treasury, civilian capacity, transport",120 to 240 days,equipment production and member industry improve,limited contract for one equipment class,corruption scandal and delivery failure,"authority, confidence, burden",use when member factories can deliver and common demand exists,end contract on route change or renew through later tier
food_security_reserve,Economy,regional,unifier,continent or region,stockpile mission,agricultural members and transport network,"storage, transport, purchase agreements","civilian factories, trains, convoys, political price",180 to 360 days,famine resilience and relief capacity improve,regional reserve only,spoilage or seizure damages trust,"confidence, burden, authority",build where crop diversity and transport reduce risk,consume reserve during crisis and rebuild after use
resource_sovereignty_review,Economy,late,unifier,foreign concessions,policy chain,continental leverage and legal capacity,"member support, investment alternatives","political capital, compensation, possible sanctions",180 to 420 days,contracts renegotiated or nationalised with local benefit,mixed ownership settlement,"capital flight, sanctions, or sabotage","authority, colonial pressure, burden",choose route based on strength and dependency,replace concession flags and start dispute cooldown
charter_development_fund,Economy,regional,unifier and members,League development projects,institution decision,minimum members and a contribution plan exist,transparent rules and a credible project pipeline,"civilian factories, treasury share, member contributions",ongoing with annual review,projects become cheaper and confidence rises,fund remains small and regional,fraud or unequal distribution creates rival pressure,"authority, confidence, burden",fund only with enough contributors and audit capacity,"annual review, suspend during collapse, close if League dissolves"
continental_industrial_plan,Economy,late,unifier,all integrated regions,capstone mission,"several corridors, processing chains, and stable authority","resource, labour, energy, and transport balance",large staged civilian capacity and regional contributions,720 to 1440 days,major distributed industrial growth and route payoff,one or two regional plans complete,overcentralisation creates shortage and secession pressure,"reach, burden, confidence, authority",AI begins only when peace and capacity make completion plausible,"complete regional phases, release capacity, retain maintenance decisions"
open_voluntary_return_registry,Diaspora,opening,unifier,diaspora communities,policy decision,diaspora route opened and citizenship law defined,"safe ports, consular access, voluntary pledge","political power, administrative staff, travel fund",90 to 180 days,applications and trust begin,limited technical mission registry,fraud or coercion damages trust,"diaspora trust, capacity, burden",open only with housing and travel capacity,close or pause when safety or consent standards fail
charter_passage_programme,Diaspora,regional,unifier,approved returnees,transport mission,registry active and ports or air routes available,"ships, convoys, rail, screening and medical support","convoys, fuel, civilian factories, escorts",90 to 240 days,"safe arrivals increase population, skills, and trust",reduced group arrives,transport disaster or detention scandal,"diaspora trust, capacity, burden","scale to available housing, safety, and transport",clear passenger pools and release transport after arrival
build_returnee_housing,Diaspora,regional,unifier,selected member cities,construction mission,local consent and jobs or education available,"land, utilities, anti-discrimination safeguards","civilian factories, steel, local labour",180 to 480 days,housing capacity and trust rise,temporary housing only,"segregation, eviction, or shortage lowers trust","diaspora capacity, trust, burden, local support",build where jobs and services exist,convert temporary camps and end project on completion
invite_afro_american_technical_mission,Diaspora,regional,unifier,Afro-American professionals and organisations,diplomatic mission,United States access and diaspora trust threshold,"visas, transport, host institutions","convoys or air transport, funding, political exposure",120 to 240 days,"engineers, doctors, teachers, organisers, or officers contribute",small advisory team arrives,hostile interference or discrimination scandal,"diaspora trust, authority, capacity",use when relations and internal protections support success,"end mission, retain trained institutions, clear foreign access"
veterans_and_volunteers_programme,Diaspora,regional,unifier,diaspora veterans,recruitment mission,voluntary enlistment law and military need,"screening, training, citizenship, equipment","manpower, equipment, training time, transport",180 to 360 days,special volunteer formations and officer experience,training cadres only,political backlash or mutiny risk,"diaspora trust, readiness, burden",recruit only with integration and command capacity,"assign units once, prevent repeat farming, discharge or integrate later"
diaspora_investment_bonds,Diaspora,regional,unifier,diaspora investors and communities,economic decision,financial credibility and transparent project list,stable currency or guarantees,"consumer-goods burden, repayment obligation, administration",multi-year,corridor or industry projects gain funding and trust,limited subscription,default or corruption damages trust,"diaspora trust, burden, authority",issue only when repayment and projects are credible,"mature bonds, repay, refinance, or default with consequences"
citizenship_and_representation_convention,Diaspora,late regional,unifier,returnees and existing citizens,constitutional mission,return population meaningful and route permits reform,member and diaspora delegates,"political concession, administrative effort, possible opposition",180 to 360 days,citizenship rights and representation stabilise trust,limited residency rights,exclusion or unequal law creates radical opposition,"diaspora trust, authority, confidence",pursue when legal capacity and public support are sufficient,"apply law, clear provisional status, close duplicate reforms"
diaspora_emergency_evacuation,Diaspora,any,unifier,diaspora communities in war zone,rescue mission,hostile violence or war threatens registered community,transport access and receiving capacity,"convoys, aircraft, escorts, housing, medical staff",30 to 120 days,people evacuated and trust rises,partial evacuation,losses or abandonment severely reduce trust,"diaspora trust, burden, authority",prioritise immediate risk and viable routes,clear manifests and temporary camps after settlement
monitor_rival_bloc,Rival blocs,regional,unifier,rival African leader,intelligence mission,rival influence active,intelligence network and access,"intelligence assets, political exposure, funds",90 to 180 days,reveals plans and target members,partial network reveals one action,network exposed and rival confidence rises,"rival pressure, authority",monitor strongest rival with expansion potential,"clear network on exposure, alliance, or target destruction"
offer_rival_arbitration,Rival blocs,regional,unifier,rival bloc,diplomatic decision,no total war and disputed issue identifiable,neutral venue and confidence among intermediaries,"concessions, travel, security, political risk",120 to 240 days,settlement or coexistence agreement,ceasefire and limited talks,talks collapse and mobilisation rises,"authority, confidence, rival pressure",offer when concessions are cheaper than war,clear negotiation flags and apply treaty cooldown
support_rival_member_defection,Rival blocs,regional,unifier,member of rival bloc,covert decision,target confidence in rival low and access exists,"intelligence, aid channel, credible membership offer","equipment, funds, intelligence exposure, diplomatic cost",120 to 240 days,target defects or becomes neutral,target withholds support from rival,operation exposed and rival gains unity,"rival pressure, confidence, colonial pressure",target weakly committed members with high strategic value,clear covert network and lock repeated attempts
counter_foreign_patronage,Rival blocs,regional,unifier,foreign-sponsored African state,policy chain,foreign influence exceeds threshold,"alternative aid, evidence, local partners","equipment, development funds, intelligence, diplomatic cost",180 to 360 days,foreign dependency falls and confidence in Charter rises,patronage growth slows,target becomes client and rival bloc hardens,"rival pressure, colonial pressure, confidence",use where alternative support is credible,remove temporary campaign and update patron state
prepare_member_exit_terms,Rival blocs,any,unifier and leaving member,leaving member,negotiation mission,departure process is active and no war has begun,"debt, units, borders, citizens, and bases require settlement","administrative capacity, concessions, security",120 to 300 days,peaceful exit with limited damage,extended transition,border or asset dispute becomes conflict,"authority, burden, confidence",prefer peaceful exit in voluntary routes,"transfer assets, clear membership, preserve treaty terms"
suspend_disloyal_member,Rival blocs,any,unifier,member violating charter,disciplinary decision,clear violation and route permits suspension,"evidence, votes or military authority","authority cost, possible confidence loss across League",30 to 120 days review,member suspended and compliance mission begins,limited sanctions,collective backlash and rival bloc growth,"authority, confidence, rival pressure",suspend only when evidence and coalition support are strong,"restore, expel, or convert to war state after review"
emergency_leadership_vote,Rival blocs,late regional,League,unifier and challenger,constitutional mission,authority crisis and multiple major members,charter rules and delegate access,"political risk, security, concessions",120 to 240 days,leadership confirmed or transferred peacefully,shared leadership compromise,vote contested and League splits,"authority, confidence, rival pressure",AI accepts vote when civil war risk exceeds leadership value,"apply result, clear challenger flags, start succession cooldown"
contain_regional_secession_war,Rival blocs,any,unifier,secessionist region,military and political mission,armed departure active,"forces, local support, route stance","equipment, manpower, trains, stability, authority",180 to 540 days,"settlement, autonomy, or military victory",ceasefire and frozen dispute,region escapes or war expands,"authority, burden, confidence, colonial pressure",choose negotiated or military route based on ideology and force ratio,"end war missions, apply settlement, clear obsolete member state"
consult_oracle_network,High chaos,high chaos,unifier,oracle state or prophet council,information decision,high-chaos actor contacted,"trust, tribute or scientific liaison","supplies, political credibility, ecological concession",30 to 90 days,disaster forecast accuracy improves,ambiguous forecast,false forecast or manipulation,"ecological wrath, authority",consult when disaster risk and actor reliability justify cost,expire forecast and close contact on hostility
bargain_with_the_green,High chaos,high chaos,unifier,The Green,treaty decision,forest expansion or ecological demand is active,route allows an ecological compact,"protected forest, halted extraction, relief work, development opportunity cost, and local settlement concessions",90 to 240 days,wrath falls and forest cooperation begins,temporary truce,wrath rises and disasters intensify,"ecological wrath, burden, confidence",accept when concessions cost less than conflict and communities agree,record protected zones and reopen review only after major breach
petition_the_rain,High chaos,high chaos,unifier,The Rain,ritual and policy decision,drought or crop crisis active,contact and offering route,"food reserves, ritual access, political risk",30 to 120 days,rainfall relief or agricultural bonus,local rain only,flood or humiliation outcome,"ecological wrath, authority, food security",use during severe drought with reserve for failure,clear petition and apply weather outcome
defy_the_drought,High chaos,high chaos,unifier,The Drought,military and infrastructure mission,drought actor hostile or supply war active,"water, logistics, engineers, protected wells","trains, trucks, fuel, manpower, civilian factories",180 to 360 days,water network resists drought warfare,one corridor survives,supply collapse and regional revolt,"ecological wrath, reach, burden",attempt only with viable water and transport plan,remove temporary rationing and retain built infrastructure
contain_emergent_disease,High chaos,high chaos,unifier,affected region,timed containment mission,fictional disease active,medical capacity and access,"support equipment, manpower, civilian factories, transport, medicine",90 to 360 days,spread falls and deaths reduced,disease contained to current region,spread accelerates or mutates,"burden, confidence, deaths, air cleanliness if linked",prioritise dense connected regions and close unsafe routes,"clear teams, outbreak flags, and quarantine after resolution"
research_disease_countermeasure,High chaos,high chaos,unifier,fictional disease family,research project,disease identified and laboratory secure,"scientists, samples, safety","research slot or special project capacity, factories, time",180 to 540 days,countermeasure or vaccine unlocks,treatment reduces severity,laboratory accident creates local outbreak,"burden, authority, disease control",research severe widespread diseases and invest in safety,"close lab risk flags, retain countermeasure tech"
weaponise_fictional_pathogen,High chaos,high chaos,unifier or chaos actor,enemy state,forbidden decision chain,"high-chaos route, biowarfare integration, stockpile",delivery means and target access,"special stockpile, aircraft or agents, condemnation, accident risk",90 to 240 days preparation,target outbreak begins with severe diplomatic cost,limited contamination,backfire outbreak at home or global spread,"condemnation, deaths, air cleanliness, chaos, ecological wrath","AI uses only extreme routes, terminal war, or desperation","consume stockpile, clear delivery teams, register source and aftermath"
awaken_stone_cohort,High chaos,high chaos,Stoneborn or unifier,ancient site,unit creation project,Stoneborn alliance or captured relic site,"site control, ritual or engineering capacity","rare materials, manpower or offerings, time",180 to 360 days,limited stone cohort created,static defence unit only,site collapses or wrath rises,"authority, ecological wrath, burden",create only under unit cap and strategic need,"one-time site use or long cooldown, no free unit loop"
train_gorilla_heavy_infantry,High chaos,high chaos,Gorilla Kingdom,controlled forest region,recruitment mission,nonhuman actor and supply base exist,"food, equipment, command structure","special equipment, supply, training time",180 to 360 days,heavy infantry formation created,defensive cadre only,discipline or supply crisis,"readiness, burden",recruit under cap and only with food supply,lock repeated creation until losses and cooldown justify replacement
organise_pan_sappers,High chaos,high chaos,Pan,industrial or forest region,recruitment mission,Pan actor and captured tools,"workshops, explosives, command","support equipment, engineering tools, time",120 to 300 days,sapper unit or sabotage network created,repair team only,workshop accident or theft,"readiness, burden, rival pressure",use for fortified fronts or corridor sabotage,cap units and remove workshop mission on region loss
seek_international_recognition,Scramble response,post unification,Africa,outside major power,diplomatic mission,Africa is one and target not committed to intervention,embassy access and acceptable relations,"political capital, trade concessions, security guarantees",120 to 300 days,recognition and pressure reduction,conditional recognition,rejection strengthens intervention coalition,"colonial pressure, authority",target powers with trade interest or anti-colonial policy,"clear mission after recognition, rejection, or war"
prepare_anti_sanctions_network,Scramble response,post unification,Africa,global markets,economic mission,sanctions threatened or active,alternative trade partners and ports,"convoys, stockpiles, civilian factories, diplomacy",180 to 420 days,sanction damage reduced and partners secured,partial substitution,shortages and member confidence loss,"colonial pressure, burden, confidence",prioritise critical imports and safe routes,end emergency network when sanctions lift or war changes system
answer_foreign_ultimatum,Scramble response,post unification,Africa,ultimatum coalition,choice event and decision,valid ultimatum active,leadership and member consultation,"route-specific concessions, mobilisation, or refusal cost",response deadline 15 to 60 days,"settlement, delay, or prepared refusal",limited concession buys time,unprepared refusal triggers war and authority loss,"authority, colonial pressure, confidence","AI considers force ratio, member unity, and demand severity","clear ultimatum, start treaty or war branch"
mobilise_continental_defence,Scramble response,post unification,Africa,continent,timed mobilisation mission,expedition or coalition war likely,common reserve and transport network,"equipment, manpower, fuel, trains, civilian output",90 to 240 days,regional commands ready and members gain confidence,partial mobilisation protects key coasts,mobilisation strains economy and raises burden,"readiness, burden, confidence, colonial pressure",mobilise when intervention probability is high,demobilise or convert to war economy after crisis
disrupt_expedition_planning,Scramble response,post unification,Africa,foreign coalition,intelligence mission,coalition planning known,"agents, access, naval intelligence","intelligence assets, funds, exposure risk",90 to 180 days,expedition delayed or split,one member withdraws support,operation exposed and coalition unity rises,"colonial pressure, authority",target vulnerable coalition links and avoid hopeless operations,clear network and apply cooldown
offer_base_withdrawal_treaty,Scramble response,post unification,Africa,foreign base holder,diplomatic decision,foreign base or adjacent possession remains,negotiable access and no active total war,"lease compensation, transit rights, monitoring",120 to 300 days,base withdrawn or converted to limited treaty access,long transition,talks fail and fortification expands,"colonial pressure, confidence, authority",offer when peaceful removal is strategically better,"transfer base, record treaty, clear claim dispute"
call_global_anti_colonial_conference,Scramble response,post unification,Africa,independent and colonial peoples,diplomatic congress,Africa is one and authority high,safe venue and global contacts,"political capital, transport, security, aid commitments",180 to 360 days,recognition network and foreign movements strengthen,symbolic conference,repression or boycott reduces effect,"authority, colonial pressure, reach",call when Africa can protect delegates and follow commitments,"close conference, spawn follow-up missions, clear delegates"
break_intervention_coalition,Scramble response,post unification,Africa,foreign coalition,multi-target campaign,coalition exists and war not yet terminal,"diplomacy, intelligence, trade, military deterrence",varied costs per target and limited simultaneous campaigns,180 to 480 days,coalition loses enough members to cancel war,intervention delayed,coalition hardens and launches expedition,"colonial pressure, authority, confidence",target members with weak commitment and high cost sensitivity,clear campaign when coalition dissolves or war begins
sponsor_continent_unifier,World order,post unification,Africa,eligible continent movement,strategic decision,Africa unified and target continent candidate exists,route selected and global chaos high enough,"equipment, advisers, industry, convoys, diplomatic exposure",multi-stage 360 to 900 days,target receives unique unifier package and alliance link,movement gains limited regional power,sponsorship fails or creates hostile client,"authority, burden, global pressure","choose strategically useful and viable movements, avoid simultaneous overextension","end sponsorship on success, collapse, betrayal, or target world-end conflict"
mediate_continent_union,World order,terminal approach,Africa,another continent unifier,constitutional mission,both unified and relations high,"compatible routes, border and representation settlement","major political concessions, shared command, economic transition",540 to 1080 days,dynamic two-continent union forms,confederation or alliance only,talks fail and rivalry intensifies,"authority, burden, global rivalry","attempt with compatible ideology, strength, and public support","replace tags or cosmetic identity, reconcile factions, clear old treaties"
prepare_continental_war,World order,terminal,continent-scale power,rival continent,war preparation mission,terminal route active and target eligible,"world chaos threshold, logistics, strategic access","massive equipment, fuel, convoys, trains, manpower, stability",360 to 900 days,war goal and campaign plan unlock,limited proxy conflict,"preparation exposed, rival strikes first","global rivalry, readiness, burden",prepare only against reachable target with viable coalition,"clear plan on alliance, union, target collapse, or war start"
force_continent_submission,World order,terminal,continent-scale power,defeated rival continent,postwar settlement,rival defeated in terminal war,"occupation, legitimacy, union route","garrison, reconstruction, political settlement, equipment",720 to 1440 days,"rival integrated, federated, or annexed according to route",puppet continent or armistice,resistance and renewed continental war,"burden, authority, global rivalry",choose sustainable settlement based on route and resistance,remove obsolete rival identity only after settlement completion
form_dynamic_two_continent_union,World order,terminal approach,Africa and partner,both continent identities,formation decision,"required political, territorial, and diplomatic conditions",no terminal war between partners and union plan complete,"constitutional capacity, integration burden, shared defence, member votes",instant after long preparation,new readable union name and joint package,loose dual federation,member revolt or leadership crisis,"authority, burden, confidence, global rivalry",AI forms only with high compatibility and manageable burden,"switch identity, preserve regional systems, close duplicate sponsor routes"
declare_the_world_is_one,World order,terminal,last continent-scale power,global,terminal formation decision,terminal wars active and only one eligible power remains,world_end not already set and all rivals resolved,campaign-ending political and administrative commitment,instant after victory checks,The World terminal identity forms and super-event fires,not applicable,invalid state blocks decision rather than using fallback,"world_end, authority, burden",AI fires when eligibility is complete,"set terminal flags, stop incompatible systems, close all continent-war decisions"
administer_world_regions,World order,terminal,The World,former continent regions,post-terminal governance mission,The World exists,regional settlement packages available,"garrisons, reconstruction, representation, transport",campaign-ending or optional epilogue,route-specific epilogue and stability,some regions remain autonomous,global revolt if burden ignored,"burden, authority, regional confidence",AI chooses route-consistent settlement,close after epilogue or campaign end
contain_terminal_high_chaos,World order,terminal,The World,remaining high-chaos actors,terminal containment mission,nonhuman or supernatural actors remain hostile,special countermeasures and access,"massive resources, research, ecological concessions, armies",360 to 1080 days,"actors integrated, contained, or defeated",regional truce,disaster chain continues after world victory,"ecological wrath, burden, authority",prioritise existential actors and use treaties when possible,"clear actors only through defined outcomes, never silent deletion"
convene_federal_deadlock_conference,Constitutional route crises,middle and late,federal host,deadlocked congress or named member dispute,clickable decision opening timed negotiation,federal route active and deadlock pressure blocks at least one major action,"two or more represented regions, no active conference, sufficient authority, affected members still valid",civilian administrative capacity plus political attention scaled by represented regions and the number of disputed clauses,90 to 150 days,"a compromise formula, executive adjustment, or bounded exception restores congress function",one disputed action proceeds under a temporary rule while deadlock pressure remains,"emergency rule debt rises, one strong member gains withdrawal support, and the blocked agenda remains closed","consent commitment up on success, central capacity may change, emergency rule debt up on coercive settlement","use when deadlock blocks defence, accession, or essential corridors and at least one compromise can retain the coalition","close when route changes, congress dissolves, dispute members disappear, or a settlement flag is recorded"
conduct_first_continental_election,Constitutional route crises,middle,republican host,continental electorate and participating regions,timed mission,"republic route active, franchise settled, provisional executive in place, and no completed first election","minimum regional participation, accessible capitals or polling centres, election legitimacy above collapse level, no terminal civil war","civilian administrative capacity, trains or convoys for remote polling, and temporary security commitment scaled by population and access",120 to 240 days,a recognised government takes office and regional acceptance is recorded,"the government is elected but one or more regions require a rerun, autonomy settlement, or observer mission","boycott, fraud, or insecurity creates an emergency republic and raises coup and secession pressure","election legitimacy, consent commitment, emergency rule debt, member confidence","start only when access and security make broad participation plausible, delay under direct invasion but not for routine convenience","remove after valid transfer, route collapse, government overthrow, or world_end"
arbitrate_continental_succession,Constitutional route crises,middle and late,council-of-crowns host,recognised throne with disputed succession,clickable decision opening timed arbitration,crowns route active and a recognised monarchy has an unresolved succession,"claimant evidence or local institutions exist, target not annexed, at least one neutral crown or civic observer available","authority, diplomatic staff, and temporary guard or convoy support scaled by distance, claimant count, and violence risk",90 to 180 days,"a locally accepted ruler, regency, civic settlement, or constitutional conversion resolves the dispute",a temporary regency prevents war but claimant legitimacy remains contested,"rival claimants mobilise, royal-bloc cohesion falls, and the target may leave or form a rival council","claimant legitimacy, member confidence, regional trust, royal-bloc cohesion","prefer neutral arbitration and local evidence, avoid imposing the host dynasty or military nominee","cancel if the target government changes, the throne is abolished by a valid settlement, or civil war makes arbitration impossible"
balance_food_and_industrial_plan,Constitutional route crises,middle,people's-union host,selected food-producing and industrial regions,timed objective family,"people's route active and food, labour, or industrial allocation pressure exceeds the safe band","at least one agricultural region and one industrial or mining region, functioning corridor, no duplicate plan","trains, trucks, civilian capacity, food reserve, and administrative labour scaled by distance and current shortages",120 to 210 days,food supply stabilises while the selected industrial programme remains functional,"food or industry is preserved, while the other side loses output and demands a new settlement","shortages, strikes, rural resistance, or coercive requisition raise bureaucratic pressure and regional distrust","food security, industrial capacity, revolutionary cohesion, regional equality, emergency rule debt","prioritise food survival, then preserve strategically essential production without stripping producing regions","close on route change, resolved shortage, lost target regions, or replacement by a later planning system"
review_victorious_commander_loyalty,Constitutional route crises,middle and late,military host,commander with exceptional prestige or autonomous force control,clickable decision with follow-up event,military route active and commander prestige or autonomous command pressure exceeds threshold,"commander and assigned forces exist, no current review, central command can contact the formation","command attention, officer replacements, and temporary readiness loss scaled by the commander’s force share",30 to 90 days,"the commander accepts rotation, constitutional subordination, retirement, or a defined lawful office",the commander remains in place under monitoring and reduced independent access,"loyalty crisis, rogue command, coup pressure, or regional mutiny begins","command cohesion, officer loyalty, central capacity, emergency rule debt, regional confidence","review early when one commander controls a dangerous share of the army, reward without granting an independent political machine","remove if commander dies, force dissolves, route hands over to civilian rule, or the loyalty crisis becomes open war"
ratify_confederal_emergency_action,Constitutional route crises,middle and late,confederal host,member states affected by an emergency action,timed ratification mission,confederal route active and the secretariat or defence council has acted before full approval,"emergency is still active, affected members exist, no duplicate ratification, action was not a terminal world-end measure","diplomatic staff, member concessions, and shared material compensation scaled by the number of affected members and sovereignty concern",90 to 180 days,enough members ratify the action and define its limits,a smaller coalition keeps the action while dissenting members receive an opt-out,"the action lapses, exit contagion rises, and one member may challenge League leadership","confederal cohesion, member confidence, central capacity, sovereignty concern","seek ratification quickly, accept a narrower coalition rather than force unanimous compliance","close when the emergency ends, action expires, affected members leave, or the route changes"
review_covenant_obligation,Constitutional route crises,high chaos,Covenant host,"human member, nonhuman actor, or bounded territory under an active obligation",clickable decision opening a dangerous review,"Covenant revealed and an obligation has become costly, unclear, breached, or contested","valid actor or territory, known obligation, mediator or containment capacity, no active review","local supplies, evacuation capacity, research or ritual resources, and member confidence scaled by wrath and affected population",60 to 180 days,"the obligation is renewed with limits, safely ended, or replaced by a contained settlement",temporary calm is restored while a follow-up boundary or evacuation mission remains,"wrath rises, the actor breaches containment, or human members revolt against the arrangement","favor, wrath, human confidence, disaster risk, containment pressure, deaths or displacement risk","prioritise civilian survival and bounded obligations, refuse irreversible sacrifices unless the world-end path is already active","close if actor is defeated, territory is lost, covenant route ends, or a breach event replaces the review"
hold_postwar_constitutional_review,Post-unification governance,post-unification,unified or near-unified Africa,continental constitution and unresolved wartime institutions,timed congress mission,"Africa is one or near-unified, major external war has ended, and emergency institutions remain","no active terminal war, at least four functioning regional councils, no duplicate review","civilian administrative capacity, regional delegates, transport support, and demobilisation burden scaled by war length and unresolved regions",180 to 360 days,the chosen constitution absorbs or dismantles wartime powers and opens its post-unification programme,some emergency institutions end while one major issue becomes a dedicated crisis branch,"coup, secession, election boycott, succession dispute, or confederal exit crisis emerges according to route","emergency rule debt, consent commitment, regional equality, central capacity, member confidence",start after existential danger passes and prioritise the largest unresolved constitutional debt,"remove after completed review, renewed terminal war, route overthrow, or world_end"
recover_failed_host_proof,Host opening,opening,selected host,failed first proof mission or abandoned protected partner,timed recovery mission,"the host failed its first proof, League formation remains possible, and no recovery attempt is active","host still controls a viable capital, at least one valid corridor or partner exists, no terminal defeat","equipment, trains or convoys, civilian capacity, and political concessions scaled by the original failure and host size",120 to 210 days,the host restores enough authority and confidence to convene the League without erasing the remembered failure,the League opens with reduced authority and a mandatory oversight or autonomy clause,the host loses the normal early mandate and must rebuild through a regional coalition or crisis route,"authority, regional trust, consent commitment, emergency rule debt, remembered failure state","attempt recovery when a credible partner and corridor remain, otherwise seek a regional coalition instead of repeating the same impossible mission","close after League formation, host replacement, route collapse, or a second failure"
promote_priority_member_package,Regional congress and restorations,regional and late,League host or regional council,"compact polity, autonomous region, or cultural body eligible for priority promotion",clickable congress decision,candidate meets promotion conditions and its full package is not already active,"viable compact territory or autonomy, local support, functioning institution, distinct economic or strategic role, unresolved relationship question","regional authority, administrative capacity, equipment for starting security, and development commitment scaled by candidate size and overlap",90 to 180 days,"the full country package activates with its starting problem, force identity, focus modules, and League relationship",the candidate gains autonomy or association and can qualify again after one missing condition is solved,"overlap dispute, access failure, or local refusal returns it to compact status and raises regional tension","regional trust, integration burden, claimant legitimacy, target confidence, overlap pressure","promote only candidates with viable play and a distinct role, avoid tag proliferation and inaccessible enclaves","remove when candidate becomes invalid, another settlement supersedes it, full package activates, or the region is annexed"
