ID,Event Name,Details,Evo I,Evo II,Evo III,Evo IV,Evo V,World-End Scenario,Type,Cluster ID,Member Severity,Status
1,Communist Insurgency,"Communist organizers build national pressure while contesting control of individual states. The root event immediately seeds one Level 1 controlled state so the player sees the map layer and response decisions right away. The national spirit gives a small daily communist drift, and each communist-controlled state adds +0.01 daily communist support through dynamic pressure. States progress through Agitation Zone, Insurgent Stronghold, and Communist Lockdown levels; Level 3 creates a demilitarized revolutionary lockdown zone. Local military intervention works only on Levels 1-2; Disrupt Communist Organizing reduces national communist support; emergency national intervention affects all controlled states and can trigger a custom rebel country without vanilla stockpile splitting. Once controlled states are gone, rebels are not active, and communist support falls below the spread threshold. World Revolution stays locked until Whispers of the World Revolution is reached.","Gathering Storm: Unstable Revolutionary Activity begins once any state is communist-controlled. Enables rare surprise revolts, including very rare one-state breakaway revolts with rebel armies scaled by state and country strength.","Rising Chaos: Dark Worker Rituals begins once a Level 2 stronghold exists. Enables rare worker ritual incidents that disrupt a controlled state, raise intervention risk, improve later conversion chance, and slightly increase communist support.",Chaos Tier: Whispers of the World Revolution begins once a Level 3 lockdown exists. Unlocks World Revolution for the major-event pool. Later whisper events add 200 World Revolution weight and mark states as more likely to join uprisings.,,,"No terminal world-end. Whispers of the World Revolution hands the communist crisis to the separate World Revolution major event, where controlled states may become revolutionary bases.",Minor Fire-Once,,,Needs Testing
2,Zombie Outbreak,"The outbreak begins in one random populous state. Zombies use only manpower for their divisions, and thus depend a lot on the population of states they capture. If the horde gets momentum, it spreads fast and captured land is cored right away.

Secondary outbreaks happen most likely in big, crowded, less developed states. Chaos makes those outbreaks more common over time, and each zombie evolution makes the horde harder to contain.

If you want to keep the event under control, the main things that matter are holding the front, cutting outbreak risk with prevention decisions, pushing cure research, and joining the Anti-Zombie League.","Gathering Storm: the first major zombie adaptation makes the horde much harder to starve out and much stronger at night. It is the point where early containment starts slipping, and cure work begins getting harder.",Rising Chaos: the horde turns into a faster assault force with better attack pressure and even less reliance on supply. Finding the cure becomes harder again.,"Chaos Tier: weak fronts can collapse fast, and the cure is at its hardest to finish.",,,"Zombie Apocalypse

The outbreak has outgrown every line built to contain it. The dead move from ruined cities into the last organized refuges, while the living lose the roads, laboratories, and armies needed to answer them.

The Zombie Horde becomes the dominant order of the world. Isolated survivors remain in scattered refuges under a world ordered by the dead.

Fallout

War and contamination have poisoned the air beyond recovery. Dust and radioactive debris cross borders faster than governments can seal them, and each surviving industry adds more ruin to the atmosphere.

The world settles into enduring fallout. Clear skies, ordinary harvests, and stable civilian life vanish from the future of those who remain.",Major,,,Needs Testing
3,The Holy Realm,"Transforms Tibet or a Tibet-centered Himalayan state into the Holy Realm. The route begins as a defensive mountain refuge, develops into a Bodhisattva-led state, creates the Arhat Administration, reaches the Buddha Mandate, and can branch into restraint, peacekeeping, coercive pacification, Divine Sovereignty, or the final doctrine. Evolutions are focus-path gates; the actual mechanics come from the selected focuses, decisions, and events inside those unlocked paths.","Mountain Refuge: forms The Holy Realm, initializes Mandala and Buddhahood counters, applies fragile refuge ideas, opens the Mandala GUI/category, loads the focus tree, and starts shelter, road, refugee, early teaching, and defensive play.","Bodhisattva Teaching and Meditation: Send Dhamma Envoys, Guard the Pilgrimage Route, Translate the Wheel, teaching-under-fire, and the concentration-vow sequence raise Bodhi, Compassion, Dhyana Depth, and Meditation Charge while tracking clean-route and Defilement risks.","Governance, Sanctuary, Guardian, and Sangha Compact routes: Council/Regent/Assembly choices, infrastructure and supply works, Temple Guard and pilgrimage escort systems, compact admission, aid, anti-puppet clauses, and AI weights support defensive humanitarian play against special chaos countries.","The Unshaken Seat and Powers: Buddhahood requires 108 Bodhi, Fourth Dhyana, low Defilements, teaching successes, crisis teaching, and the focus marker. Success changes leader/stage, fires The Awakened One, unlocks the Buddha powers category, and the first anti-chaos power display fires Powers of the Awakened.","Final Silence and Schism: the hidden False Buddha branch supports debate, exile, suppression, and absorption outcomes. Extinction of Defilements, Witnesses Gather, and the final doctrine balance gate non-terminal Empty Seat aftermath versus terminal Final Silence.","The Final Silence

The Holy Realm carries its last doctrine into firing tables, distant commands, and the machinery of war. Its arsenals serve a single purpose: silence.

The Empty Seat's final order silences organized resistance and ordinary state life. Radio networks, armies, and governments disappear into a world that has fallen quiet.",Minor Fire-Once,,,Needs Testing
4,Random War,A random eligible country declares war on another eligible country. Higher chaos stages create larger linked war webs. Compatible special countries can appear in later stages.,Gathering Storm: Triangular Incident. Three declarations fire in one linked dispute.,"Rising Chaos: Four Fronts. Four declarations fire in one conflict web, with a small chance for a compatible special country to appear.","Chaos Tier: Contagious Ultimatums. Five declarations fire, major countries and faction members become more likely, and special-country involvement becomes more common.","Totalen Chaos: The War Week. Six declarations fire in a short chain, with a strong chance of one compatible special country participating.",World Collapse: Open Season. Seven to eight declarations fire while normal random events still run. Compatible special countries are strongly favored when available.,,Minor Repeatable,1,Medium,Fully Functional
5,Soviet Union Collapse,"The Soviet Union is losing command over its republics, rail offices, garrisons, and depots. Moscow can answer with force, negotiation, isolation, or party discipline, but each visible failure gives local authorities more room to act.

Forced-labor quotas, grain extraction, and NKVD campaigns can briefly reinforce Moscow's authority, but each use deepens famine pressure, republic fear, old-movement grievance, and the evidence record. Once the crisis becomes severe, repression can no longer reduce the terminal threat.

Breakaway republics can seek recognition, seize depots, coordinate defenses, or draw more republics into the crisis while Moscow tries to restore command or force a new settlement.","First Durable Secession: a republic ministry, garrison, or depot network stops obeying Moscow and survives long enough to make its break visible.","Regional Cascade: several republics are free, and release pressure spreads through foreign attention, depot weakness, League coordination, and public refusal.","Union Unmade: Moscow has lost Union-wide command. Remaining ordinary republics are forced out of the old center, and the former Union enters open war over its borders.",Maximum Rupture: every remaining republic and eligible special splinter can break from the former Union. The crisis becomes a map-wide struggle over who inherits the old state.,"World Collapse Rupture: the same break reaches its final intensity, forcing the last eligible remnants into the open while the former Union becomes one front among a collapsing world.",,Minor Fire-Once,2,Severe,Needs Testing
6,Independence Wave,"Independence Wave turns weak borders, ignored petitions, and old public claims into new governments. Hosts are protected from total deletion, but each wave can still tear away ministries, rail hubs, ports, protectorates, and unusual claimant states.

Later waves bring larger breaks, harder border disputes, more patron interference, and rarer claims that can reshape whole regions. Border expansion normally stays inside released-country cores; high-chaos league-backed overreach gives the old host warning, negotiation, and reclamation-war responses.","Dossier Surge. A first surge of petitions becomes real state work. Four to six countries can break away, mostly from republic committees, dormant claimants, and local councils that already have papers, guards, or public witnesses.","Cascading Petitions. Petitions begin copying one another across several hosts. Five to seven new countries can appear, and city boards, railway committees, protectorates, dormant claims, and rule-bound claimant families can join the same wave.","Border Commission Crisis. Border files turn dangerous. Six to nine new countries can appear, with stronger claims, wider patron pressure, and commissions that can make each release a lasting regional dispute.","Great Partition Week. The wave becomes a partition week. Eight to twelve new countries can appear, including restored names, local polities, and strange claimants that turn paperwork into a world crisis.","Open Season. The release wave reaches open season. Ten to sixteen countries can appear, claims outside old expectations become easier to press, and every greedy border file can give the old host a reason to answer with threats, talks, or war plans.",,Minor Repeatable,2,Medium,To Be Reworked
7,Fury,"Fury turns an eligible non-player minor country into an expansionist war state while keeping the player, subjects, majors, player-linked countries, and island-only countries out of the selection pool. The actor receives the Fury Column template, stockpiles scaled to its size, recurring reinforcement waves, War Office decisions, and a shared focus tree. Fury seeks valid neighboring targets, records its first conquest, and escalates through Hardened Fury, second-actor cooperation or rivalry, all-border pressure, and world-end containment.","Hardened Fury: unlocks once the first Fury cycle escalates. Future and eligible current Fury actors receive the hardened national spirit, more starting columns, higher momentum, and a stronger sustained reinforcement profile.","Second War Table: ensures at least two Fury actors can exist, unlocks cooperation and rivalry content, enables Fury Pact handling, and records the second evolution in the event log.","All Borders Burn: ensures up to three Fury actors, strengthens weekly growth, allows all-border declarations, and unlocks the world-end candidate focus path.",,,"The World in Fury

Fury is no longer confined to one rogue state. Armed hosts answer one another across continents, each treating the nearest border as an invitation to attack and every pause as weakness.

A network of Fury states opens a global war without a negotiated political end. Rage becomes the world's governing order.",Minor Repeatable,1,High,Needs Testing
8,Tensions Rising,"Tensions Rising is a repeatable diplomatic-pressure incident. In calm conditions it adds world tension and stops once world tension is full. At higher chaos levels it can still fire at maximum world tension, adding direct chaos increase, indirect pressure through timer pacing, timed opinion penalties, AI readiness ideas, and delayed reports.","Cable Traffic Increase. The first evolved stage moves the incident beyond a simple world-tension increase. Relation shocks begin, and later incidents can briefly gather pace.","Competing Accusations. The second stage reaches more capitals. Timed relation damage can affect additional pairs, delayed reports become more likely, and some governments take short-lived readiness postures.","Staff Readiness. The third stage treats the pattern as a planning concern. Relation shocks last longer, diplomatic aftershocks remain temporary, and peaceful players can begin the Thin Wire watch while world tension remains full.",Extended Alert. The fourth stage is the strongest non-terminal form of the incident. It keeps pressure indirect and does not create a direct conflict branch.,,,Minor Repeatable,3,Medium,Needs Testing
9,White Peace,"White Peace searches for wars that can end without conquest, indemnity, or scripted-story damage. At first it settles one minor country pair under the same flags and the same borders.

Later evolutions can settle several minor pairs, rarely include a major country, or issue broader diplomatic settlements when the world has too many wars.

Its selection weight rises with active wars and valid minor-war candidates, but repeated firings and higher evolutions keep it from becoming common.",Repeated Minor Settlements: Repeated Minor Settlements lets one firing quiet several minor fronts when enough safe pairs exist.,Major-Country Settlement: Major-Country Settlement allows a rare no-gain exit involving a major country when the war segment can be settled without rewriting the wider conflict.,Broad Diplomatic Settlement: Broad Diplomatic Settlement lets one armistice circular quiet broader safe war clutter while leaving protected wars untouched.,,,,Minor Repeatable,4,Low,Needs Testing
10,Death,"Death is a hidden island crisis that can become a war. It begins by taking one remote island and waiting in silence. Before the public reveal, island spread looks for small island states, especially nearby islands under 100K people, before widening to other low-population island targets.

When Death consumes a state, the state is not occupied in the normal way. Its full population is removed and recorded in the Deaths System, then the state is transferred to Death, cored by Death, stripped of factories, dockyards, ports, infrastructure, and other usable buildings, and marked with the active wasteland modifier. Local manpower, factories, resources, supply, and movement are ruined there. Units caught inside are withered, and recaptured wastelands stay dangerous until countries invest in recovery work.

Death grows through the Black Ledger. Each consumed state adds soul power, and consumed population adds more at one soul power per 250K people. After the world-end stage begins, last-shore footholds add extra soul power as well. Available soul power is what Death has generated but not yet spent.

Death spends soul power on forced island spread, mainland pressure, and ghost hosts. Early hosts are weak and passive, later hosts become stronger, and the world-end stage lets Death open last-shore footholds on surviving continents.

Living countries answer through investigation decisions, early survey boats, war declarations after the danger is clearer, coastal watches, quarantine lines, the Living Compact, wasteland entry gear, dead-zone outposts, and risky Black Book methods. Defeating Death means retaking every state it controls.","Second Shore: Death can unlock its first island-spread focus path. It can begin taking more low-population islands, but the pace remains slow and the mainland route stays closed.",Mainland Hunger: Death can press the island pattern faster and unlock the mainland focus path. A valid coastal mainland state can become the public reveal point once enough island pressure exists.,"First Hosts: Near the 600 chaos mark, Death can gain weak custom ghost divisions with very low organization. They hold borders passively and are much weaker than infantry.","Hollow Hosts: Near the 800 chaos mark, Death can gain more custom ghost divisions with higher organization and strength. They remain weaker than infantry and should still be pushable.","World End: Once Death has consumed a full continent and Chaos is above 1000, Death gains many infantry-parity hosts and begins attacking aggressively.","Last Shores

Death has emptied enough land to turn islands, wastelands, and ghost hosts into one design. A consumed continent gives Zol the ground from which to reach every surviving shore.

New footholds open across the living world, and the dead march from the last shores to complete the Black Ledger. No population remains beyond Death's count.",Minor Fire-Once,,,Needs Testing
11,Unexplained Foreign Incidents / Coordinated Foreign Interference / Secret Alliance,"Foreign meetings, missing couriers, damaged equipment, and repeated methods form an uneasy pattern around the country. Investigation can connect the incidents while practical safeguards reduce their effect.","Reports from distant regions repeat the same routes, methods, and timings. Leaks and defections can expose links without identifying every government involved.","The pattern supports a credible case of organized foreign interference. Serious covert action is possible, and the target can build suspect confidence, independent Evidence, and maintained Preparedness.","Military precautions, public warnings, and border pressure indicate that the hidden crisis is nearing an open confrontation. Preparation and preemption can still alter the opening.",,,"None. Event 011 may become an open coalition war, but it has no world-end branch.",Minor Fire-Once,None,,Fully Functional
12,Africa,Reserved,,,,,,,Minor Fire-Once,,,To Be Reworked
13,Natural Disasters,"Warnings arrive from named states as rivers leave their banks, faults break, storms cross transport belts, ash buries fields, and fires outrun the roads. Local reports follow each impact into rescue, stabilization, and reconstruction while nearby states watch for the danger to spread.","Wider Disaster Seasons

Disaster seasons carry more impacts and a broader family pool. Warning choices and family reports remain local, while repeated hits make rescue and stabilization capacity harder to allocate.

Chaos Tier: Gathering Storm
Evolution Stage: Wider Disaster Seasons","Regional Cascades

Deaths and damage rise sharply. Neighboring states suffer transport and supply disruption. Famine, disease, refugee pressure, delayed deaths, and reconstruction strain become central risks when recovery falters.

Chaos Tier: Rising Chaos
Evolution Stage: Regional Cascades","Abnormal Paths

Abnormal disasters can travel across regions as rupture waves, meteor showers, eruption plumes, storm corridors, tornado tracks, and tsunami paths. The abnormal map shows queued danger and the places likely to be struck next.

Chaos Tier: Chaos
Evolution Stage: Abnormal Paths",,,None. Evolution III permits devastating abnormal disaster paths but remains non-terminal.,Minor Repeatable,5,Severe,Needs Testing
14,Cannibalism,"Cannibalism begins with evidence recovered from an army at war. Burial parties vanish, ration ledgers are altered, and isolated formations report deliberate cutting and predation within their own ranks. Scarcity may explain the first crimes, but repeated methods suggest that damaged commands are protecting the perpetrators.

The crisis tests whether military institutions can restore supply, protect witnesses and the dead, and distinguish frightened soldiers from organized killers. Concealment may preserve calm while allowing the pattern to survive. Public terror may hold a front while teaching other units that predation brings rank and protection.","Ritualized Ranks

Scattered predation has become a shared ideology of oaths, marks, promotion, and protected membership. No shared headquarters appears in the records.","The Organized Network

Cells in separate countries use matching ledgers, routes, prisoner practices, and operational timing. Captured records identify no common headquarters.","Hannibal Lecter Commands

The concealed command is publicly revealed, and the mature network begins unification under Hannibal Lecter.",,,"The World Is the Larder

Lecter's host has joined scattered feeding territories and armed kitchens into one command. Roads, farms, prisons, and conquered cities are treated as parts of a single larder, with surviving states left as prey or resistance enclaves.

Organized consumption becomes a permanent world order. Every surviving government faces the same expanding host, and the network no longer has any reason to hide.

No Thaw Will Come

Lecter's winter host has surrendered its last human restraints to the Wendigo form. Feeding grounds spread with the cold, and conquered communities are folded into a hunger that treats thaw, harvest, and mercy as weaknesses.

An advancing winter covers the world. The Wendigo command pursues every surviving country until organized human rule is consumed or driven into isolated refuges.",Minor Fire-Once,,,Fully Functional
15,Utopia Manifesto,"A translated manifesto passes from reading rooms into the ministries of a small country. It proposes that public need should govern common stores, useful work, settlements, and the obligations of citizenship. Its readers disagree over whether freedom is secured by consent, shared councils, expert measure, disciplined separation, or the right to revise the book itself.

As the experiment takes hold, shortages, public works, local charters, and agreements with neighboring states test every interpretation. Promises are judged through visible provision and conduct, while each territorial case asks whether necessity can cross a border without becoming appetite.","Glosses in the Margin

The recovered manuscript no longer speaks with one voice. Rival translations, household annotations, and public commentaries have become organized schools of interpretation. Delegates arrive carrying copies marked by workshops, parishes, councils, and exiles. The argument over the book has become an institution of its own, and the eventual commonwealth will be shaped by whoever keeps the right to write in its margins.","Necessary Shores

Migration, blockade, crowded housing, and uncertain supply have pushed the common store against the limits of the map. Surveyors now distinguish want from ambition before they mark a harbor, corridor, settlement, or lease as necessary ground. Domestic works remain possible, and every foreign offer leaves a record. The experiment must decide whether need can cross a border without turning into appetite.","Cities of One Measure

The settlement plan has escaped the capital. Cooperative municipalities, associated towns, and rebuilt districts repeat its gardens, clinics, workshops, stores, and transport links in different soil. Each place adapts the design to local votes and local shortages. Their growing network makes the manifesto visible in ordinary streets, while disputes over assignment reveal who is allowed to alter the plan.","Nowhere Made Law

The manifesto has become a regional legal identity. Governments and movements invoke it when they negotiate association, refuse an ultimatum, request aid, or defend local charters. Sponsors offer protection with conditions, rivals describe every storehouse as a disguised frontier, and small states judge whether the commonwealth is refuge, partner, or threat. An imagined country has become a claim that diplomacy must answer.","The Perfect Island

Ordinary regional order is breaking around a society trying to make one bounded place endure. Reserve trains, guarded harbors, refugee districts, fortification works, and member councils all pull against one another. The closed route hardens the boundary through compulsory service and carries the cost inside its gates. The voluntary route distributes refuge among willing towns and spreads the obligation across its members. Stores must remain open as the roads beyond them fail.",,Minor Fire-Once,,,Fully Functional
16,Brilliant Scientist,Random country gets a brilliant scientist which grants 100% faster research speed,,,,,,,Minor Fire-Once,,,To Be Reworked
17,Random faction,"An independent minor outside the factions is cornered by the blocs able to offer membership and forced to choose one. A player country caught in the decision receives up to four faction offers and must sign with one of them.

The accession unsettles nearby neutral capitals, gives faction leaders a reason to court the border, and turns neutrality into work that has to be defended in public, in councils, and at frontier posts.","Regional Bloc Race

Regional pressure starts spreading from one accession to neighboring neutrals. Border posts, observer invitations, neutrality councils, and faction staff missions become the public tools of the race.","Pressured Neutrality

War draws neutral cabinets into the faction struggle. Countries beside active fronts face sharper demands, and faction leaders press exposed capitals for public commitments.","Collapse of Neutrality

Several small states in one region can be drawn toward rival blocs in quick succession. Some capitals still try to hold their line through hurried councils, guarded borders, and costly declarations of neutrality.",,,,Minor Repeatable,3,Low,Needs Testing
18,Resources Found,"Surveyors in an owned state discover a major strategic resource deposit. Repeated discoveries can deepen the same field, turning local prospecting into a long-lived question of development, labor, trade, and control.","Veins Without End: One field reveals several large deposits at once. Repeated finds of the same resource deepen its discovery ledger, while foreign buyers, claimants, and a negotiated demilitarized commission compete for access to the concentrated wealth.","The Workings Turn Sick: Sickness, corrosion, disappearances, and underground attacks spread through the lower workings. Investigation, containment, concealment, suspension, and permanent closure determine whether the field remains an economy or becomes a grave.","The Breach Takes Shape: A vast deposit of every standard resource draws the field far below safe workings. Public attacks, hunts, evacuation, partial closure, and a full sealing operation decide whether every registered discovery deposit is surrendered before the breach opens.","The Oth-Kesh Emerge: The field becomes the origin chamber of the playable Oth-Kesh Host. Its armored broods draw strength from exploitation and captured resource anchors, attack every adjacent land neighbor, and prepare to carry the connected depths beyond their first continent.",,"The World Opens Below

The Oth-Kesh Host has secured its first continent and prepared resource-rich ruptures beyond it. The chambers below the surface become roads, and the deep war crosses the seas through new footholds.

Every surviving continent faces a local Oth-Kesh front tied to the World Below. The surface becomes one global war against the world beneath it.",Minor Repeatable,7,Medium,Fully Functional
19,Infantry Spawn,"Across the world, fully formed military units begin appearing without recruitment orders, training records, or a known source. Governments must decide how to register, equip, command, and contain soldiers who arrived already organized.","Organized Muster: The unbidden formations have been placed under district staffs, common rolls, and an accountable chain of command.","Arsenal Lottery: New formations arrive with strange equipment packages that demand separate training, repair, and supply arrangements.",Command Fracture: Randomly assembled formations now produce commanders whose private authority can rival the state.,"Anomalous Muster: Recognized nonhuman hosts can appear among the formations, bringing distinct obligations, containment needs, and revolt paths.",,,Minor Repeatable,,,In progress
20,Black Plague,All countries in a random continent get a temporary idea black plague.,,,,Rat nations appear,,,Minor Fire-Once,,,To Be Reworked
21,Random civil war,random country gets a civil war.,,,,,,,Minor Repeatable,,,To Be Reworked
22,Spain Antisemitism,"Spain declares war on all jews, and spreads it to other jew populated countries. New participant in the spanish civil war, that is extremely antisemitic and wants an alliance with nazi germany to kill all the jews in the world.",,,,,,,Minor Fire-Once,,,To Be Reworked
23,SOV Nuclear Bombs,Soviet scientists have secretly developed nuclear weapons,,,,,,,Minor Fire-Once,,,To Be Reworked
24,Video Game in Sweden,"Gets idea that grants division buffs, wargame.",,,,,,,Minor Fire-Once,,,To Be Reworked
25,Alien technology in Antarctica,Random country researches all jet technology if wins Antarctica race.,,,,,,,Major,,,To Be Reworked
26,Desert question,Gives an option to move industry into the desert to save up some space for the people living on mainland.,,,,,,,Minor Fire-Once,,,To Be Reworked
27,Doctrine research,random major country researches all of a chosen doctrine.,,,,,,,Minor Fire-Once,,,To Be Reworked
28,Asteroid incoming,"Scientist are trying to calculate where a large asteroid will land. If they predict right, get massive boost to research; Asteroid lands in a random location and destroys huge amount of industry and kills a lot of people in the states.",,,,,,,Minor Repeatable,,,To Be Reworked
29,Riches Found,Random country gains 1000 pp and daily pp bonus from a state. Owner of the state gains bonus,,,,,,,Minor Repeatable,,,To Be Reworked
30,Time Traveler,"Random country gets an advisor “Time Traveler” which gives buffs and also will make certain countries prevent wars with certain countries. Like Germany proposes alliance with Soviet Union, because they know their invasion failed.",,,,"Napoleon returns (Pretzel Logic), World End scenario: army of robots from the future invade, basically like in the movie Terminator.",,,Major,,,To Be Reworked
31,Random Terror,"Violence breaks out in a random country, damaging buildings and killing people.",,,,,,,Minor Repeatable,,,To Be Reworked
32,Missiles,Missiles for everybody.,,,,,,,Minor Repeatable,,,To Be Reworked
33,Acid rain,"Acid rain that moves through continents, causing massive decline of population and add state modifiers.",,,,,,,Minor Repeatable,,,To Be Reworked
34,Industrial Boom,Random major doubles production efficiency.,,,,,,,Minor Repeatable,,,To Be Reworked
35,Great Depression 2.0,Random major gets debuffs to economy.,,,,,,,Minor Repeatable,,,To Be Reworked
36,Alien Spacecraft,"Random country gets 200 jet fighters, also able to produce them.",,,,,,,Minor Repeatable,,,To Be Reworked
37,Mysterious People,Random major country gets 10M manpower out of nowhere.,,,,,,,Minor Repeatable,,,To Be Reworked
38,Malta Crusaders,"Malta becomes independent and spawn knight divisions, becoming owner of certain states in the Mediterranean and declaring wars.",,,,"Custom focus tree. 11th crusade in case of failure. If success, then further conquests, change cosmetic tag to The Holy See. The Pope will become the leader and the focus tree will strive toward the Kingdom of God. Rome will become the holy capital.",,,Minor Fire-Once,,,To Be Reworked
39,Murder Mystery,Random country’s leader is killed.,,,,,,,Minor Repeatable,,,To Be Reworked
40,Lawrence of Arabia,Random Arabian country gets puppeted by UK.,,,,,,,Minor Repeatable,,,To Be Reworked
41,Disease in divisions,Random country at war will lose 50% strength on all divisions on the front lines.,,,,,,,Minor Repeatable,,,To Be Reworked
42,Equipment from heavens,Random country gets a set of equipment.,,,,,,,Minor Repeatable,,,To Be Reworked
43,Massive flood,everything on the coast gets destroyed.,,,,,,,Minor Repeatable,,,To Be Reworked
44,Space race,Space race between majors begins.,,,,,,,Major,,,To Be Reworked
45,Third Balkan war,Balkans declare war on each other.,,,,,,,Minor Fire-Once,,,To Be Reworked
46,Seismic Archive,Reserved placeholder. This event ID has no active earthquake gameplay.,,,,,,,Reserved,,,Placeholder
47,BOOM,"Random province gets nuked (well, a mysterious explosion, not necessarly a nuke).",,,,,,,Minor Repeatable,,,To Be Reworked
48,Old Great Bulgaria,Bulgaria will gain cores on the old Bulgarian lands,,,,,,,Minor Fire-Once,,,To Be Reworked
49,Mass Panic,mad scientist claims. Add idea mass panic.,,,,,,,Major,,,To Be Reworked
50,The Great Embargo,Random major country gets embargoed by everyone.,,,,,,,Minor Repeatable,,,To Be Reworked
51,Heat Wave,Heat Wave remains a separate event.,,,,,,,Minor Fire-Once,,,To Be Reworked
52,Intel Leaked,Random major country gives 100% access to their intelligence to every country.,,,,,,,Minor Repeatable,,,To Be Reworked
53,Mysterious Man,"Gives offer to give up pp, or get a random disaster. Will come repeadetely, decisions to take action against this mysterious man.",,,,,,,Minor Fire-Once,,,To Be Reworked
54,Gift from scientists,Every country gains a random technology.,,,,,,,Minor Repeatable,,,To Be Reworked
55,The Great Infrastructure Project,random country gets all infrastructure maxed out.,,,,,,,Minor Repeatable,,,To Be Reworked
56,The Navy,Every country gets a proper navy.,,,,,,,Minor Repeatable,,,To Be Reworked
57,The Radar,Every country gets a radar,,,,,,,Minor Repeatable,,,To Be Reworked
58,The Industrial Complex,Every country gets number of civilian factories equal to their number of states,,,,,,,Minor Repeatable,,,To Be Reworked
59,AI focus aggressive,All countries get ai modifier focus on offense.,,,,,,,Minor Fire-Once,,,To Be Reworked
60,Research Failure,Remove 2 research slots for a random major.,,,,,,,Minor Repeatable,,,To Be Reworked
61,Half mils into civs,Half of military factories will be turned to civilian factories for every country.,,,,,,,Minor Repeatable,,,To Be Reworked
62,Allies Backstab,Allies kick a random member of their faction and declare war on them.,,,,,,,Minor Repeatable,,,To Be Reworked
63,End Subject Status,Random puppet country gains independence.,,,,,,,Minor Repeatable,,,To Be Reworked
64,Border fortifications,Every country’s border will have lvl 2 forts.,,,,,,,Minor Repeatable,,,To Be Reworked
65,Random Trait,Every country leader gains a random trait,,,,,,,Minor Repeatable,,,To Be Reworked
66,CIC,International market fundings increase for a random major,,,,,,,Minor Repeatable,,,To Be Reworked
67,Generalissimo,Random general gets maxed out for a random country. Change his name to Generalissimo,,,,,,,Minor Fire-Once,,,To Be Reworked
68,ZIN,Strange people claiming to be from another universe called ZIN have come to settle in a random state and its neighbor states; Neutral; if player declares war on them all hell breaks loose; Gods will punish the country.,,,,Multiple new alien invasions from another universe. Different types of aliens and each one has one unique weakness.,,,Minor Fire-Once,,,To Be Reworked
69,Boxer Rebellion,Boxer rebellion in China.,,,,,,,Minor Fire-Once,,,To Be Reworked
70,Gods of Africa,"Africa gods predict total chaos and the world will burn. Decisions to pray to them or suffer disasters. More ignorance causes the disasters to escalate and become more rapid till the culmination, which would be a destruction to player’s campaign. Use existing events for disasters.",,,,,,,Major,,,To Be Reworked
71,Persia,"Iran forms the Persian Empire, declaring war on every country holding their cores. Will take its neighbors down one by one.",,,,,,,Minor Fire-Once,,,To Be Reworked
72,Ireland reclaims North,Ireland declares war on northern Ireland owner; peace with the defender if northern Ireland has been secured by Ireland.,,,,,,,Minor Fire-Once,,,To Be Reworked
73,Mongols rise,Mongolia gains war goals on its neighbors; spawn many cavalry divisions.,,,,,,,Minor Fire-Once,,,To Be Reworked
74,Japan lands in USA,"Give Japan California, must be at war with USA.",,,,,,,Minor Fire-Once,,,To Be Reworked
75,Tannu Tuva joins a faction,Tannu Tuva joins the Allies or God’s Plan if it exists,,,,,,,Minor Fire-Once,,,To Be Reworked
76,USA tests weapons,USA will test weapons in player’s country.,,,,,,,Minor Repeatable,,,To Be Reworked
77,Eq aid,Random major or player will send equipment from stockpile to a random minor country.,,,,,,,Minor Repeatable,,,To Be Reworked
78,Border Conflict,Player starts a border conflict with their random neighbor.,,,,,,,Minor Repeatable,,,To Be Reworked
79,The Master,Get decisions to manipulate a random minor country or they will side with enemy or opposite ideology country.,,,,,,,Minor Repeatable,,,To Be Reworked
80,Airship,"Huge airship starts from USA and must reach back to USA. Purpose of it is to see the world for the tourists who paid large money. If it crashes in some country during the journey some things will happen: USA gets war goal, damage to state, wildfire",,,,,,,Major,,,To Be Reworked
81,British tax,British impose taxes on every country.,,,,,,,Minor Fire-Once,,,To Be Reworked
82,Law upgrade,Every country moves one step forward towards total mobilization,,,,,,,Minor Repeatable,,,To Be Reworked
83,Agency upgrade,"Random agency upgrade, creating one if hasn’t been created",,,,,,,Minor Repeatable,,,To Be Reworked
84,PP,All countries get 100 pp,,,,,,,Minor Repeatable,,,To Be Reworked
85,XP,All countries get 100 xp of their choice,,,,,,,Minor Repeatable,,,To Be Reworked
86,World Claims,Germany or Soviet Union claim the world.,,,,,,,Minor Fire-Once,,,To Be Reworked
87,It’s WW1,Temporary entrenchment boosts.,,,,,,,Minor Repeatable,,,To Be Reworked
88,Mines everywhere,Add mines to a random naval region,,,,,,,Minor Fire-Once,,,To Be Reworked
89,Tech sharing,Every country gets options to join a tech sharing group,,,,,,,Minor Fire-Once,,,To Be Reworked
90,Suicide craft,Enables kamikaze strikes for every country,,,,,,,Minor Fire-Once,,,To Be Reworked
91,The Great Revolution,"Lenin is alive again, but has a third eye and is leading humanoid creatures holding hammers and sickles (not human), start revolutions in states, occupying num states equal to communism %.",,,,"Pre-fire: Clues that this revoultion will happen, strange workers strikes. Stage 2: Uncover the anomalities of Lenin's forces. Lenin's powers will evolve and become stronger. Communists, deciding to side with the revolution will get bonuses but people will suffer, eventually turning into monsters like Lenin's workers. Communist party leaders will get a third eye as well, in the end they too will be annexed. Stalin and Trotsky will fight Lenin.",,,Major,,,To Be Reworked
92,Greenland Sale,Every country gets a decision to buy Greenland.,,,,,,,Minor Fire-Once,,,To Be Reworked
93,Portugal wants land,Portugal will demand Galicia from Spain,,,,,,,Minor Fire-Once,,,To Be Reworked
94,Half gone,set_equipment_fraction percentage for all equipment will be gone for random major or player.,,,,,,,Minor Repeatable,,,To Be Reworked
95,Occupation revolt,Random country in exile will start a revolt. If no country is currently occupied then a non-existing country will revolt (not independent without wars).,,,,,,,Minor Repeatable,,,To Be Reworked
96,Divisions lock,Lock every division template temporarily for every country country_lock_all_division_template = yes,,,,,,,Minor Repeatable,,,To Be Reworked
97,Collaboration,Everyone gets collaboration on one another.,,,,,,,Minor Repeatable,,,To Be Reworked
98,New Ore,Random country finds a new metal. Add state modifier and whoever controls the state will get buffs to armour. Get decisions to buy armour from the country if they agree.,,,,,,,Minor Fire-Once,,,To Be Reworked
99,Dust and Sandstorm Front,"Calls Event 013's Dust and Sandstorm family against the selected country after Wider Disaster Seasons unlocks. Event 099 owns no disaster damage, reports, aftermath, or separate history row.",,,,,,,Bridge,,,Fully Functional
100,Inflation,"Add inflation crisis to every major and player. Add decisions to fight the inflation/deflation. Lack of attention to decisions will lead to increased inflation, too much attention may lead to deflation. If is stable for a period of time, remove the crisis. If failed, new political party will take charge, if not (usually dictatorship), civil war.",,,,,,,,,,New
101,Tasks,"Add tasks to decisions. If task is not completed by the player, something bad will happen to the player’s country.",,,,,,,,,,New
102,Serial killer,"Player will have to catch a killer through a series of right decisions and right options in events. Mass killings will continue until the player makes all the right choices. If a mistake is made in a chain, restart and start a new chain.",,,,,,,,,,New
103,Conscription,"Every country with low war support will have conscription law lowered, if >50 then go onto higher conscription.",,,,,,,,,,New
104,Stability or War support,"Every country gets options to choose between stability or war support, add to the chosen 10% and lower 10% to the opposite",,,,,,,,,,New
105,Anti-player ideology,"Player’s ideology will have temporary problems such as daily decrease, and discontent. The higher the ideology, the less effects protest movements will have. Add additional decisions to add ideology popularity. If ideology is lower than 1%, then get decision to change ideology or start a civil war.",,,,,,,,,,New
106,Paranoia,"Player will have to deal with paranoia, similar to the Soviet Union system.",,,,,,,,,,New
107,Rule,A random rule will become active.,,,,,,,,,,New
108,Fury,"Random non-island minor with few states will start to expand (Luxembourg, Uruguay, etc.)",,,,,,,,,,New
109,Custom laws,Add a new law for the player to choose.,,,,,,,,,,New
110,Random idea,Add a random idea to every country.,,,,,,,,,,New
111,Resistance,Add 100% resistance to every occupied state for all majors and player.,,,,,,,,,,New
112,Lootboxes,"Add lootboxes decision, buy a lootbox for 50 pp and open it to gain a random reward with rarities: Common, Rare, Epic… (inspired from R56 lootboxes)",,,,,,,,,,New
113,Wrestling Tournament,Get decisions to train your wrestler and send him to a tournament. Winner will get rewards.,,,,,,,,,,New
114,Fuel crisis,Set fuel to 0 for every country.,,,,,,,,,,New
115,IMRO,Death or Freedom! Inspired by the historical event that happened in Macedonia I think.,,,,,,,,,,New
116,This is SPARTA!!!,Spartans will rise up in Greece.,,,,,,,,,,New
117,5-Way Civil War,A random major country or player will have to face decisions in order to prevent a 5-way civil war. They’ll have to build their own way to the most favorable position or ally with one of the sides and later fight them 1v1. The favorability at the start will depend on the stability and ideology support.,,,,,,,,,,New
118,Plague of locust,Add plague of locust that will travel the world and cause famine in regions.,,,,,,,,,,New
119,Random New Alliance,Create a new random regional alliance in a random region.,,,,,,,,,,New
120,Massive Volcano Eruption,Random region that has volcanoes will have its states turned into wasteland.,,,,,,,,,,New
121,The Pact,A random ideology will be chosen and the most powerful country in that ideology will propose a pact that will make every country that is of that ideology guarantee independence to one another.,,,,,,,,,,New
122,Rise of Cossacks,Will start with a random east Slavic state and expand until it conquers all of East-Slavia.,,,,,,,,,,New
123,The Partition,"A random country is claimed by multiple neighbors, will be giving away its territory to its neighbors or be fighting them all at once.",,,,,,,,,,New
124,Demilitarization,All countries not at war will have all of its territory demilitarized except for the capital. Can only remilitarize if finds itself in war.,,,,,,,,,,New
125,Non-Aggressions,A random country will have a non-aggression pact with another random country,,,,,,,,,,New
126,Heroic Crusade,Create a religious faction aiming at destroying every other religion.,,,,,,,,,,New
127,Warlords,In a random major country or player (if big enough country) a random general will retire and setup a warlord state. Max 3 warlord states in one event.,,,,,,,,,,New
128,Autonomy,Every subject will gain autonomy points,,,,,,,,,,New
129,Shaman,A shaman of random region will offer help to the major in that region.,,,,,,,,,,New
130,Mistresses,"Integrated with the Tomorrow's Girls system (beautiful aliens), this is a build-up event. +1 weekly manpower for leader trait",,,,,,,,,,New
131,Widespread Mutiny,"All countries below 50% war support will suffer mutinies in their army, as they will side with the enemies.",,,,,,,,,,New
132,Investment,"Invest in either mils, civs, docks or sils.",,,,,,,,,,New
133,Gandhi,"Every country that controls a state that’s not a core territory will have to give independence to them, or they will start doing the nonviolence, noncooperation, truth and honesty system that Gandhi commands. If a country denies, then the resistance will be turned to zero but so will be compliance and other things, basically gaining nothing from occupied territories. Also add idea that will give loss of morale with negative effects. If a country keeps ignoring, then the effects of it will disappear. Though, this will have no impact on fascist countries, rather helping them.",,,,,,,,,,New
134,Duchies,Every country will have their duchies trying to become independent. Spend pp to prevent a duchy from breaking away.,,,,,,,,,,New
135,Equipment choice,Every country gets options to gain equipment of some type in large amount.,,,,,,,,,,New
136,Sun moves away,"Sun moves away from Earth temporarily causing every state to have winter like conditions. Also add people are tired because of lack of vitamin D and add debuffs because of darkness everywhere, buff zombies. (can’t be at the same time with the heat wave).",,,,,,,,,,New
137,Research Investment,Every country will get options to gain 100% research boosts in a specific research category.,,,,,,,,,,New
138,The Kingdom of the Mountains,A random country that has only mountainous and hilly provinces will form the Mountain Republic (depending on ideology) and will gain cores on every state that has mountainous terrain.,,,,,,,,,,New
139,Mysterious creature,"A random major or player will have a mysterious creature eating crops and people, effectively sparking fear to the civilians. Country will suffer the effects of the idea until the creature is hunted down.",,,,,,,,,,New
140,Dracula,"In Transylvania a creature known as Dracula will start bringing terror to the state’s controller and if the demon is not killed or sent to London, an independent state will arise, the Vampire Kingdom. It will declare war on the controller and also on England. Every neighbor country of the state will get idea “Fear of Dracula” until they declare war on the kingdom. Create unit “Count Dracula” that consists of one battalion and needs just one man. If the division is killed, so is the kingdom. If Dracula manages to defeat England, it will start declaring war on its neighbors, trying to take over the world.",,,,,,,,,,New
141,Mass suicides,"A random major or player will have their people hearing whispers that tempt them to commit suicide. People are dying in masses and our must do something. Add decisions to repel the demons from the heads of our people. If ignored, generals will start also slowly dying and if all are dead, so will die the country leader and then every man in the country.",,,,,,,,,,New
142,Partisans,A random major or player that has over 5% ideology support will have very strong partisan divisions (50% chance of being armored) spawned totaling to amount of ideology support the country has divided by five.,,,,,,,,,,New
143,A Game,"Player will play a rock-paper-scissors game against a country that owns a state that should belong to the player. If the player wins, the country will cede the disputed territory to the player. If a loss, then player must pay concessions to the country – player will have to give a portion of it’s industry to them.",,,,,,,,,,New
144,Freedom or Death,"Firstly, get news event that every country that is a subject, will be declaring their independence. The widespread radical idea is called “Freedom or Death” inspired by the IMRO. All of the subjects will declare war on their masters at once and form a faction “National Liberation Front”. The master can choose to let them be and accept their independence.",,,,,,,,,,New
145,The Book,"Random major or player country leader would find a book of truth that would supposedly lead his/her nation to greatness. Various reforms leading to military and industry buffs, that would slowly become greater. That’s without side effects as it’s a demonic book and would make the player’s country known as the Kingdom of Satan. Player would go into civil war against its own former country leader and will have its ideology change to enemy ideology.",,,,,,,,,,New
146,Add operative,Every country that has an intelligence agency will gain an extra operative slot.,,,,,,,,,,New
147,Counterintelligence,Every country will gain +1 of counterintelligence.,,,,,,,,,,New
148,Pacifism,Pacifism will be on the rise again.,,,,,,,,,,New
149,Immigrations,"Random major or player will have immigration crisis as people are leaving to neighboring countries. To stop it, the country must improve its stability and living conditions. If at the start of the crisis stability is high, then the effects of the crisis won’t be as severe.",,,,,,,,,,New
150,Secret Society Influence,"A random country will have the National Spirit called “Secret Society Influence”, the idea behind it is that some shadowy or shady group is influencing your government and generals, pulling the strings from behind the scenes too - It causes confusion and distrust amongst high ranks. (-5% Stability, -12% Political Power, 5% Consumer Goods)",,,,,,,,,,New
151,Teleportation Experiment,"A random major will have one of their divisions disappear, no return of manpower or equipment.",,,,Can develop the teleportation tech to teleport multiple divisions at once and also reduce cooldown.,,,,,,New
152,Conspiracy Theorists,A group of conspiracy theorists forms.,,,,,,,,,,New
153,Random Guarantee,A random major guarantees a random minor.,,,,,,,,,,New
154,New Zealand,New Zealand questions its existence.,,,,,,,,,,New
155,Prophet,Prophet will move through the world and promote peace. Add scripted events of prophet sayings for each country he has visited.,,,,,,,,,,New
156,Great Success,A man travels to USA and give debuffs and events (Borat).,,,,,,,,,,New
157,Change capital,Every country will have to change their capital to a random state.,,,,,,,,,,New
158,Tomorrow's Girls,"An alien invasion based on a song ""Tomorrow's Girls"" by Donald Fagen. Add a mini-game, where you have to determine if a girl is human or alien (sexy stuff)",,,,,,,,,,New
159,The Free World,"A world become one, of salads and sun. Inspired by the song Only a Fool Would Say That",,,,,,,,,,New
160,Shark infested waters,Casualties increase when a ship sinks across everywhere,,,,,,,,,,New
161,Deal with the Devil,"Devil gives buffs in exchange for smth. Exponentially goes worse if accept the deals. If refused the inital deal, nothing happens, however can come back with a more appealing deal. When multiple deals have been accepted, then the refusals get worse and some bad things can happen, before you can get rid of the demonic influence.",,,,"GFX for country leaders (eyes change, two stages)",,,,,,New
162,Tin foil hat,"Because of aliens, USA can form an anti-alien coalition. The leader of U.S. will wear a tinfoil hat",,,,,,,,,,New
163,Doctor Wu,"A mysterious doctor, who cures every disease. Inspired by the song.",,,,,,,,,,New
164,Mr. LaPage,"A pedophile, a maniac, who kidnaps kids, inspired by the song Everyone's Gone to the Movies",,,,,,,,,,New
165,Kamakiriad,A futuristic car traveling the world,,,,,,,,,,New
166,The Custerdome,"If the player manages to keep the chaos meter low for a very long time, then get this easter egg event. The place of wealth and peace. Campaign end. (Can only happen if the user is exremely lucky with the events and doing everything they can to keep the Chaos low until 1944)",,,,,,,Major,,,New
,The Shuffle,Shuffles values around. For example war support is now your stability,,,,,,,,,,
,The Good Kings,"Good King Richard, Good King John are crowned kings. (Richard the Lionheart and King John, aslo Richard Nixon and John Kennedy, inspired by the song ""Kings"") also this: https://www.youtube.com/watch?v=8epsI5-3HRo&list=LL&index=1",,,,,,,,,,
,Special Tech,Special technologies become available for random major (for example nuclear submarines),,,,,,,,,,
,The Great Shortage,There would be a shortage of a random resource,,,,,,,,,,
,Drug Addictions,Various drugs become popular and have to take measures to stop the addiction spread.,,,,,,,,,,
,Super Soldiers,"Perform tests to develop the super soldier serum. Take decisions to invest into this research. Special project in biowarfare, unlocked by this event. Also could become available from evolution?",,,,"If allowed to perform tests on apes, apes upriding can happen.",,,,,,
,Jesus Came Down,"When things go bad and there are a lot of pretenders, Jesus will appear, showing us the way once again, since many have lost it. Inspired by the song Jesus Came Down by Lake",,,,,,,,,,
,Cards of Power,"6 slots become available and 3 random common rarity cards are given. These cards have abilities. At first only 1 slot is available. New cards can be received by buying a chest from decisions. You can also earn cards by completing tasks. When you have 5 cards, second slot becomes available, when you have 10, third one becomes available, and sixth when you have 25 the sixth becomes available",,,,,,,,,,
,Time Bomb,"Take series of right decisions to prevent this bomb from blowing up, inspired by the song Time Bomb by Lake",,,,,,,,,,
,Crazy Scientist,"A genius biowarfare scientist appears in a random major country, but his methods are extreme. Some special biowarfare projects become availabe, but at a cost of millions, but you get those millions back if you agree to everything he says (mass cloning). If given too much power, takes over your country with an army of clones.",,,,,,,,,,
,The Bioweapon Race,"A new dangerous disease was discovered, but it's very hard to handle. The one who masters it could become master of death.",,,,,,,,,,
,Facilities,Random country gets facilities,,,,,,,,,,
,Special Project,A random special project is researched instantly for every country,,,,,,,,,,
,The White Ribbon,"Strange events happen and the player must investigate, inspired by the movie White Ribbon.",,,,,,,,,,
,Casino,"Inspired by Hearts of Gamble, can gamble stuff (stability, war support, pp, xp, etc)",,,,,,,,,,
,Black Friday,"Happens on a friday, everything is heavely discounted for one day. A rare event",,,,,,,,,,
,,,,,,,,,,,,
,,,,,,,,,,,,
,,,,,,,,,,,,
,,,,,,,,,,,,
,,,,,,,,,,,,
,,,,,,,,,,,,
,,,,,,,,,,,,
,,,,,,,,,,,,
,,,,,,,,,,,,
,,,,,,,,,,,,
,,,,,,,,,,,,
,,,,,,,,,,,,
,,,,,,,,,,,,
,,,,,,,,,,,,
,,,,,,,,,,,,
,,,,,,,,,,,,
,,,,,,,,,,,,
,,,,,,,,,,,,
,,,,,,,,,,,,
,,,,,,,,,,,,
,,,,,,,,,,,,
,,,,,,,,,,,,
,,,,,,,,,,,,
,,,,,,,,,,,,
,,,,,,,,,,,,
,,,,,,,,,,,,
,,,,,,,,,,,,
,,,,,,,,,,,,
,,,,,,,,,,,,
,,,,,,,,,,,,
,,,,,,,,,,,,
,,,,,,,,,,,,
,,,,,,,,,,,,
,,,,,,,,,,,,
,,,,,,,,,,,,
,,,,,,,,,,,,
,,,,,,,,,,,,
,,,,,,,,,,,,
,,,,,,,,,,,,
,,,,,,,,,,,,
,,,,,,,,,,,,
,,,,,,,,,,,,
,,,,,,,,,,,,
,,,,,,,,,,,,
,,,,,,,,,,,,
,,,,,,,,,,,,
,,,,,,,,,,,,
,,,,,,,,,,,,
,,,,,,,,,,,,
,,,,,,,,,,,,
,,,,,,,,,,,,
,,,,,,,,,,,,
,,,,,,,,,,,,
,,,,,,,,,,,,
,,,,,,,,,,,,
,,,,,,,,,,,,
,,,,,,,,,,,,
,,,,,,,,,,,,
,,,,,,,,,,,,
,,,,,,,,,,,,
,,,,,,,,,,,,
,,,,,,,,,,,,
,,,,,,,,,,,,
,,,,,,,,,,,,
,,,,,,,,,,,,
,,,,,,,,,,,,
,,,,,,,,,,,,
,,,,,,,,,,,,
,,,,,,,,,,,,
,,,,,,,,,,,,
,,,,,,,,,,,,
,,,,,,,,,,,,
,,,,,,,,,,,,
,,,,,,,,,,,,
,,,,,,,,,,,,
,,,,,,,,,,,,
,,,,,,,,,,,,
,,,,,,,,,,,,
,,,,,,,,,,,,
,,,,,,,,,,,,
,,,,,,,,,,,,
,,,,,,,,,,,,
,,,,,,,,,,,,
,,,,,,,,,,,,
,,,,,,,,,,,,
,,,,,,,,,,,,
,,,,,,,,,,,,
,,,,,,,,,,,,
,,,,,,,,,,,,
,,,,,,,,,,,,
,,,,,,,,,,,,
,,,,,,,,,,,,
,,,,,,,,,,,,
,,,,,,,,,,,,
,,,,,,,,,,,,
,,,,,,,,,,,,
,,,,,,,,,,,,
,,,,,,,,,,,,
,,,,,,,,,,,,
,,,,,,,,,,,,
,,,,,,,,,,,,
,,,,,,,,,,,,
,,,,,,,,,,,,
,,,,,,,,,,,,
,,,,,,,,,,,,
,,,,,,,,,,,,
,,,,,,,,,,,,
,,,,,,,,,,,,
,,,,,,,,,,,,
,,,,,,,,,,,,
,,,,,,,,,,,,
,,,,,,,,,,,,
,,,,,,,,,,,,
,,,,,,,,,,,,
,,,,,,,,,,,,
,,,,,,,,,,,,
,,,,,,,,,,,,
,,,,,,,,,,,,
,,,,,,,,,,,,
,,,,,,,,,,,,
,,,,,,,,,,,,
,,,,,,,,,,,,
,,,,,,,,,,,,
,,,,,,,,,,,,
,,,,,,,,,,,,
,,,,,,,,,,,,
,,,,,,,,,,,,
,,,,,,,,,,,,
,,,,,,,,,,,,
,,,,,,,,,,,,
,,,,,,,,,,,,
,,,,,,,,,,,,
,,,,,,,,,,,,
,,,,,,,,,,,,
,,,,,,,,,,,,
,,,,,,,,,,,,
,,,,,,,,,,,,
,,,,,,,,,,,,
,,,,,,,,,,,,
,,,,,,,,,,,,
,,,,,,,,,,,,
,,,,,,,,,,,,
,,,,,,,,,,,,
,,,,,,,,,,,,
,,,,,,,,,,,,
,,,,,,,,,,,,
,,,,,,,,,,,,
,,,,,,,,,,,,
,,,,,,,,,,,,
,,,,,,,,,,,,
,,,,,,,,,,,,
,,,,,,,,,,,,
,,,,,,,,,,,,
,,,,,,,,,,,,
,,,,,,,,,,,,
,,,,,,,,,,,,
,,,,,,,,,,,,
,,,,,,,,,,,,
,,,,,,,,,,,,
,,,,,,,,,,,,
,,,,,,,,,,,,
,,,,,,,,,,,,
,,,,,,,,,,,,
,,,,,,,,,,,,
,,,,,,,,,,,,
,,,,,,,,,,,,
,,,,,,,,,,,,
,,,,,,,,,,,,
,,,,,,,,,,,,
,,,,,,,,,,,,
,,,,,,,,,,,,
,,,,,,,,,,,,
,,,,,,,,,,,,
,,,,,,,,,,,,
,,,,,,,,,,,,
,,,,,,,,,,,,
,,,,,,,,,,,,
,,,,,,,,,,,,
,,,,,,,,,,,,
,,,,,,,,,,,,
,,,,,,,,,,,,
,,,,,,,,,,,,
,,,,,,,,,,,,
,,,,,,,,,,,,
,,,,,,,,,,,,
,,,,,,,,,,,,
,,,,,,,,,,,,
,,,,,,,,,,,,
,,,,,,,,,,,,
,,,,,,,,,,,,
,,,,,,,,,,,,
,,,,,,,,,,,,
,,,,,,,,,,,,
,,,,,,,,,,,,
,,,,,,,,,,,,
,,,,,,,,,,,,
,,,,,,,,,,,,
,,,,,,,,,,,,
,,,,,,,,,,,,
,,,,,,,,,,,,
,,,,,,,,,,,,
,,,,,,,,,,,,
,,,,,,,,,,,,
,,,,,,,,,,,,
,,,,,,,,,,,,
,,,,,,,,,,,,
,,,,,,,,,,,,
,,,,,,,,,,,,
,,,,,,,,,,,,
,,,,,,,,,,,,
,,,,,,,,,,,,
,,,,,,,,,,,,
,,,,,,,,,,,,
,,,,,,,,,,,,
,,,,,,,,,,,,
,,,,,,,,,,,,
,,,,,,,,,,,,
,,,,,,,,,,,,
,,,,,,,,,,,,
,,,,,,,,,,,,
,,,,,,,,,,,,
,,,,,,,,,,,,
,,,,,,,,,,,,
,,,,,,,,,,,,
,,,,,,,,,,,,
,,,,,,,,,,,,
,,,,,,,,,,,,
,,,,,,,,,,,,
,,,,,,,,,,,,
,,,,,,,,,,,,
,,,,,,,,,,,,
,,,,,,,,,,,,
,,,,,,,,,,,,
,,,,,,,,,,,,
,,,,,,,,,,,,
,,,,,,,,,,,,
,,,,,,,,,,,,
,,,,,,,,,,,,
,,,,,,,,,,,,
,,,,,,,,,,,,
,,,,,,,,,,,,
,,,,,,,,,,,,
,,,,,,,,,,,,
,,,,,,,,,,,,
,,,,,,,,,,,,
,,,,,,,,,,,,
,,,,,,,,,,,,
,,,,,,,,,,,,
,,,,,,,,,,,,
,,,,,,,,,,,,
,,,,,,,,,,,,
,,,,,,,,,,,,
,,,,,,,,,,,,
,,,,,,,,,,,,
,,,,,,,,,,,,
,,,,,,,,,,,,
,,,,,,,,,,,,
,,,,,,,,,,,,
,,,,,,,,,,,,
,,,,,,,,,,,,
,,,,,,,,,,,,
,,,,,,,,,,,,
,,,,,,,,,,,,
,,,,,,,,,,,,
,,,,,,,,,,,,
,,,,,,,,,,,,
,,,,,,,,,,,,
,,,,,,,,,,,,
,,,,,,,,,,,,
,,,,,,,,,,,,
,,,,,,,,,,,,
,,,,,,,,,,,,
,,,,,,,,,,,,
,,,,,,,,,,,,
,,,,,,,,,,,,
,,,,,,,,,,,,
,,,,,,,,,,,,
,,,,,,,,,,,,
,,,,,,,,,,,,
,,,,,,,,,,,,
,,,,,,,,,,,,
,,,,,,,,,,,,
,,,,,,,,,,,,
,,,,,,,,,,,,
,,,,,,,,,,,,
,,,,,,,,,,,,
,,,,,,,,,,,,
,,,,,,,,,,,,
,,,,,,,,,,,,
,,,,,,,,,,,,
,,,,,,,,,,,,
,,,,,,,,,,,,
,,,,,,,,,,,,
,,,,,,,,,,,,
,,,,,,,,,,,,
,,,,,,,,,,,,
,,,,,,,,,,,,
,,,,,,,,,,,,
,,,,,,,,,,,,
,,,,,,,,,,,,
,,,,,,,,,,,,
,,,,,,,,,,,,
,,,,,,,,,,,,
,,,,,,,,,,,,
,,,,,,,,,,,,
,,,,,,,,,,,,
,,,,,,,,,,,,
,,,,,,,,,,,,
,,,,,,,,,,,,
,,,,,,,,,,,,
,,,,,,,,,,,,
,,,,,,,,,,,,
,,,,,,,,,,,,
,,,,,,,,,,,,
,,,,,,,,,,,,
,,,,,,,,,,,,
,,,,,,,,,,,,
,,,,,,,,,,,,
,,,,,,,,,,,,
,,,,,,,,,,,,
,,,,,,,,,,,,
,,,,,,,,,,,,
,,,,,,,,,,,,
,,,,,,,,,,,,
,,,,,,,,,,,,
,,,,,,,,,,,,
,,,,,,,,,,,,
,,,,,,,,,,,,
,,,,,,,,,,,,
,,,,,,,,,,,,
,,,,,,,,,,,,
,,,,,,,,,,,,
,,,,,,,,,,,,
,,,,,,,,,,,,
,,,,,,,,,,,,
,,,,,,,,,,,,
,,,,,,,,,,,,
,,,,,,,,,,,,
,,,,,,,,,,,,
,,,,,,,,,,,,
,,,,,,,,,,,,
,,,,,,,,,,,,
,,,,,,,,,,,,
,,,,,,,,,,,,
,,,,,,,,,,,,
,,,,,,,,,,,,
,,,,,,,,,,,,
,,,,,,,,,,,,
,,,,,,,,,,,,
,,,,,,,,,,,,
,,,,,,,,,,,,
,,,,,,,,,,,,
,,,,,,,,,,,,
,,,,,,,,,,,,
,,,,,,,,,,,,
,,,,,,,,,,,,
,,,,,,,,,,,,
,,,,,,,,,,,,
,,,,,,,,,,,,
,,,,,,,,,,,,
,,,,,,,,,,,,
,,,,,,,,,,,,
,,,,,,,,,,,,
,,,,,,,,,,,,
,,,,,,,,,,,,
,,,,,,,,,,,,
,,,,,,,,,,,,
,,,,,,,,,,,,
,,,,,,,,,,,,
,,,,,,,,,,,,
,,,,,,,,,,,,
,,,,,,,,,,,,
,,,,,,,,,,,,
,,,,,,,,,,,,
,,,,,,,,,,,,
,,,,,,,,,,,,
,,,,,,,,,,,,
,,,,,,,,,,,,
,,,,,,,,,,,,
,,,,,,,,,,,,
,,,,,,,,,,,,
,,,,,,,,,,,,
,,,,,,,,,,,,
,,,,,,,,,,,,
,,,,,,,,,,,,
,,,,,,,,,,,,
,,,,,,,,,,,,
,,,,,,,,,,,,
,,,,,,,,,,,,
,,,,,,,,,,,,
,,,,,,,,,,,,
,,,,,,,,,,,,
,,,,,,,,,,,,
,,,,,,,,,,,,
,,,,,,,,,,,,
,,,,,,,,,,,,
,,,,,,,,,,,,
,,,,,,,,,,,,
,,,,,,,,,,,,
,,,,,,,,,,,,
,,,,,,,,,,,,
,,,,,,,,,,,,
,,,,,,,,,,,,
,,,,,,,,,,,,
,,,,,,,,,,,,
,,,,,,,,,,,,
,,,,,,,,,,,,
,,,,,,,,,,,,
,,,,,,,,,,,,
,,,,,,,,,,,,
,,,,,,,,,,,,
,,,,,,,,,,,,
,,,,,,,,,,,,
,,,,,,,,,,,,
,,,,,,,,,,,,
,,,,,,,,,,,,
,,,,,,,,,,,,
,,,,,,,,,,,,
,,,,,,,,,,,,
,,,,,,,,,,,,
,,,,,,,,,,,,
,,,,,,,,,,,,
,,,,,,,,,,,,
,,,,,,,,,,,,
,,,,,,,,,,,,
,,,,,,,,,,,,
,,,,,,,,,,,,
,,,,,,,,,,,,
,,,,,,,,,,,,
,,,,,,,,,,,,
,,,,,,,,,,,,
,,,,,,,,,,,,
,,,,,,,,,,,,
,,,,,,,,,,,,
,,,,,,,,,,,,
,,,,,,,,,,,,
,,,,,,,,,,,,
,,,,,,,,,,,,
,,,,,,,,,,,,
,,,,,,,,,,,,
,,,,,,,,,,,,
,,,,,,,,,,,,
,,,,,,,,,,,,
,,,,,,,,,,,,
,,,,,,,,,,,,
,,,,,,,,,,,,
,,,,,,,,,,,,
,,,,,,,,,,,,
,,,,,,,,,,,,
,,,,,,,,,,,,
,,,,,,,,,,,,
,,,,,,,,,,,,
,,,,,,,,,,,,
,,,,,,,,,,,,
,,,,,,,,,,,,
,,,,,,,,,,,,
,,,,,,,,,,,,
,,,,,,,,,,,,
,,,,,,,,,,,,
,,,,,,,,,,,,
,,,,,,,,,,,,
,,,,,,,,,,,,
,,,,,,,,,,,,
,,,,,,,,,,,,
,,,,,,,,,,,,
,,,,,,,,,,,,
,,,,,,,,,,,,
,,,,,,,,,,,,
,,,,,,,,,,,,
,,,,,,,,,,,,
,,,,,,,,,,,,
,,,,,,,,,,,,
,,,,,,,,,,,,
,,,,,,,,,,,,
,,,,,,,,,,,,
,,,,,,,,,,,,
,,,,,,,,,,,,
,,,,,,,,,,,,
,,,,,,,,,,,,
,,,,,,,,,,,,
,,,,,,,,,,,,
,,,,,,,,,,,,
,,,,,,,,,,,,
,,,,,,,,,,,,
,,,,,,,,,,,,
,,,,,,,,,,,,
,,,,,,,,,,,,
,,,,,,,,,,,,
,,,,,,,,,,,,
,,,,,,,,,,,,
,,,,,,,,,,,,
,,,,,,,,,,,,
,,,,,,,,,,,,
,,,,,,,,,,,,
,,,,,,,,,,,,
,,,,,,,,,,,,
,,,,,,,,,,,,
,,,,,,,,,,,,
,,,,,,,,,,,,
,,,,,,,,,,,,
,,,,,,,,,,,,
,,,,,,,,,,,,
,,,,,,,,,,,,
,,,,,,,,,,,,
,,,,,,,,,,,,
,,,,,,,,,,,,
,,,,,,,,,,,,
,,,,,,,,,,,,
,,,,,,,,,,,,
,,,,,,,,,,,,
,,,,,,,,,,,,
,,,,,,,,,,,,
,,,,,,,,,,,,
,,,,,,,,,,,,
,,,,,,,,,,,,
,,,,,,,,,,,,
,,,,,,,,,,,,
,,,,,,,,,,,,
,,,,,,,,,,,,
,,,,,,,,,,,,
,,,,,,,,,,,,
,,,,,,,,,,,,
,,,,,,,,,,,,
,,,,,,,,,,,,
,,,,,,,,,,,,
,,,,,,,,,,,,
,,,,,,,,,,,,
,,,,,,,,,,,,
,,,,,,,,,,,,
,,,,,,,,,,,,
,,,,,,,,,,,,
,,,,,,,,,,,,
,,,,,,,,,,,,
,,,,,,,,,,,,
,,,,,,,,,,,,
,,,,,,,,,,,,
,,,,,,,,,,,,
,,,,,,,,,,,,
,,,,,,,,,,,,
,,,,,,,,,,,,
,,,,,,,,,,,,
,,,,,,,,,,,,
,,,,,,,,,,,,
,,,,,,,,,,,,
,,,,,,,,,,,,
,,,,,,,,,,,,
,,,,,,,,,,,,
,,,,,,,,,,,,
,,,,,,,,,,,,
,,,,,,,,,,,,
,,,,,,,,,,,,
,,,,,,,,,,,,
,,,,,,,,,,,,
,,,,,,,,,,,,
,,,,,,,,,,,,
,,,,,,,,,,,,
,,,,,,,,,,,,
,,,,,,,,,,,,
,,,,,,,,,,,,
,,,,,,,,,,,,
,,,,,,,,,,,,
,,,,,,,,,,,,
,,,,,,,,,,,,
,,,,,,,,,,,,
,,,,,,,,,,,,
,,,,,,,,,,,,
,,,,,,,,,,,,
,,,,,,,,,,,,
,,,,,,,,,,,,
,,,,,,,,,,,,
,,,,,,,,,,,,
,,,,,,,,,,,,
,,,,,,,,,,,,
,,,,,,,,,,,,
,,,,,,,,,,,,
,,,,,,,,,,,,
,,,,,,,,,,,,
,,,,,,,,,,,,
,,,,,,,,,,,,
,,,,,,,,,,,,
,,,,,,,,,,,,
,,,,,,,,,,,,
,,,,,,,,,,,,
,,,,,,,,,,,,
,,,,,,,,,,,,
,,,,,,,,,,,,
,,,,,,,,,,,,
,,,,,,,,,,,,
,,,,,,,,,,,,
,,,,,,,,,,,,
,,,,,,,,,,,,
,,,,,,,,,,,,
,,,,,,,,,,,,
,,,,,,,,,,,,
,,,,,,,,,,,,
,,,,,,,,,,,,
,,,,,,,,,,,,
,,,,,,,,,,,,
,,,,,,,,,,,,
,,,,,,,,,,,,
,,,,,,,,,,,,
,,,,,,,,,,,,
,,,,,,,,,,,,
,,,,,,,,,,,,
,,,,,,,,,,,,
,,,,,,,,,,,,
,,,,,,,,,,,,
,,,,,,,,,,,,
,,,,,,,,,,,,
,,,,,,,,,,,,
,,,,,,,,,,,,
,,,,,,,,,,,,
,,,,,,,,,,,,
,,,,,,,,,,,,
,,,,,,,,,,,,
,,,,,,,,,,,,
,,,,,,,,,,,,
,,,,,,,,,,,,
,,,,,,,,,,,,
,,,,,,,,,,,,
,,,,,,,,,,,,
,,,,,,,,,,,,
,,,,,,,,,,,,
,,,,,,,,,,,,
,,,,,,,,,,,,
,,,,,,,,,,,,
,,,,,,,,,,,,
,,,,,,,,,,,,
,,,,,,,,,,,,
,,,,,,,,,,,,
,,,,,,,,,,,,
,,,,,,,,,,,,
,,,,,,,,,,,,
,,,,,,,,,,,,
,,,,,,,,,,,,
,,,,,,,,,,,,
,,,,,,,,,,,,
,,,,,,,,,,,,
,,,,,,,,,,,,
,,,,,,,,,,,,
,,,,,,,,,,,,
,,,,,,,,,,,,
,,,,,,,,,,,,
,,,,,,,,,,,,
,,,,,,,,,,,,
,,,,,,,,,,,,
,,,,,,,,,,,,
,,,,,,,,,,,,
,,,,,,,,,,,,
,,,,,,,,,,,,
,,,,,,,,,,,,
,,,,,,,,,,,,
,,,,,,,,,,,,
,,,,,,,,,,,,
,,,,,,,,,,,,
,,,,,,,,,,,,
,,,,,,,,,,,,
,,,,,,,,,,,,
,,,,,,,,,,,,
,,,,,,,,,,,,
,,,,,,,,,,,,
,,,,,,,,,,,,
,,,,,,,,,,,,
,,,,,,,,,,,,
,,,,,,,,,,,,
,,,,,,,,,,,,
,,,,,,,,,,,,
,,,,,,,,,,,,
,,,,,,,,,,,,
,,,,,,,,,,,,
,,,,,,,,,,,,
,,,,,,,,,,,,
,,,,,,,,,,,,
,,,,,,,,,,,,
,,,,,,,,,,,,
,,,,,,,,,,,,
,,,,,,,,,,,,
,,,,,,,,,,,,
,,,,,,,,,,,,
,,,,,,,,,,,,
,,,,,,,,,,,,
,,,,,,,,,,,,
,,,,,,,,,,,,
,,,,,,,,,,,,
,,,,,,,,,,,,
,,,,,,,,,,,,
,,,,,,,,,,,,
,,,,,,,,,,,,
,,,,,,,,,,,,
,,,,,,,,,,,,
,,,,,,,,,,,,
,,,,,,,,,,,,
,,,,,,,,,,,,
,,,,,,,,,,,,
,,,,,,,,,,,,
,,,,,,,,,,,,
,,,,,,,,,,,,
,,,,,,,,,,,,
,,,,,,,,,,,,
,,,,,,,,,,,,
,,,,,,,,,,,,
,,,,,,,,,,,,
,,,,,,,,,,,,
,,,,,,,,,,,,
,,,,,,,,,,,,
,,,,,,,,,,,,
,,,,,,,,,,,,
,,,,,,,,,,,,
,,,,,,,,,,,,
,,,,,,,,,,,,
,,,,,,,,,,,,
,,,,,,,,,,,,
,,,,,,,,,,,,
,,,,,,,,,,,,
,,,,,,,,,,,,
,,,,,,,,,,,,
,,,,,,,,,,,,
,,,,,,,,,,,,
,,,,,,,,,,,,
,,,,,,,,,,,,
,,,,,,,,,,,,
,,,,,,,,,,,,
,,,,,,,,,,,,
,,,,,,,,,,,,
,,,,,,,,,,,,
,,,,,,,,,,,,
,,,,,,,,,,,,
,,,,,,,,,,,,
,,,,,,,,,,,,
,,,,,,,,,,,,
,,,,,,,,,,,,
,,,,,,,,,,,,
,,,,,,,,,,,,
,,,,,,,,,,,,
,,,,,,,,,,,,
,,,,,,,,,,,,
,,,,,,,,,,,,
,,,,,,,,,,,,
,,,,,,,,,,,,
,,,,,,,,,,,,
,,,,,,,,,,,,
,,,,,,,,,,,,
,,,,,,,,,,,,
,,,,,,,,,,,,
,,,,,,,,,,,,
,,,,,,,,,,,,
,,,,,,,,,,,,
,,,,,,,,,,,,
,,,,,,,,,,,,
,,,,,,,,,,,,
,,,,,,,,,,,,
,,,,,,,,,,,,
,,,,,,,,,,,,
,,,,,,,,,,,,
,,,,,,,,,,,,
,,,,,,,,,,,,
,,,,,,,,,,,,
,,,,,,,,,,,,
,,,,,,,,,,,,
,,,,,,,,,,,,
,,,,,,,,,,,,
,,,,,,,,,,,,
,,,,,,,,,,,,
,,,,,,,,,,,,
,,,,,,,,,,,,
,,,,,,,,,,,,
,,,,,,,,,,,,
,,,,,,,,,,,,
,,,,,,,,,,,,
,,,,,,,,,,,,
,,,,,,,,,,,,
,,,,,,,,,,,,
,,,,,,,,,,,,
,,,,,,,,,,,,
,,,,,,,,,,,,
,,,,,,,,,,,,
,,,,,,,,,,,,
,,,,,,,,,,,,
,,,,,,,,,,,,
,,,,,,,,,,,,
,,,,,,,,,,,,
,,,,,,,,,,,,
,,,,,,,,,,,,
,,,,,,,,,,,,
,,,,,,,,,,,,
,,,,,,,,,,,,
,,,,,,,,,,,,
,,,,,,,,,,,,
,,,,,,,,,,,,
,,,,,,,,,,,,
,,,,,,,,,,,,
,,,,,,,,,,,,
,,,,,,,,,,,,
,,,,,,,,,,,,
,,,,,,,,,,,,
,,,,,,,,,,,,
,,,,,,,,,,,,
,,,,,,,,,,,,
,,,,,,,,,,,,
,,,,,,,,,,,,
,,,,,,,,,,,,
,,,,,,,,,,,,
,,,,,,,,,,,,
,,,,,,,,,,,,
,,,,,,,,,,,,
,,,,,,,,,,,,
,,,,,,,,,,,,
,,,,,,,,,,,,
,,,,,,,,,,,,
,,,,,,,,,,,,
,,,,,,,,,,,,
,,,,,,,,,,,,
,,,,,,,,,,,,
,,,,,,,,,,,,
,,,,,,,,,,,,
,,,,,,,,,,,,
,,,,,,,,,,,,
,,,,,,,,,,,,
,,,,,,,,,,,,
,,,,,,,,,,,,
,,,,,,,,,,,,
,,,,,,,,,,,,
,,,,,,,,,,,,
,,,,,,,,,,,,
,,,,,,,,,,,,
,,,,,,,,,,,,
,,,,,,,,,,,,
,,,,,,,,,,,,
,,,,,,,,,,,,
,,,,,,,,,,,,
,,,,,,,,,,,,
,,,,,,,,,,,,
