reservation_group,region,baseline_state_ids,baseline_state_names,package_ids,maximum_automatic_packages_per_wave,map_rule,host_survival_rule,implementation_note
RG-1,Mediterranean and Iberia,1,Corsica,IW-017,1,"The package can reserve this anchor when the state is unique, the tag is not living, and the host remnant test succeeds.",Reserve the host protected state before this group. Never take a protected capital when another safe package exists.,Numeric IDs are from the public 763-state baseline and must be rebound against the installed game and mod state history.
RG-100,Northern and Western Europe,100,Iceland,IW-012,1,"The package can reserve this anchor when the state is unique, the tag is not living, and the host remnant test succeeds.",Reserve the host protected state before this group. Never take a protected capital when another safe package exists.,Numeric IDs are from the public 763-state baseline and must be rebound against the installed game and mod state history.
RG-104,Balkans and Danube,104,Bosnia,IW-029,1,"The package can reserve this anchor when the state is unique, the tag is not living, and the host remnant test succeeds.",Reserve the host protected state before this group. Never take a protected capital when another safe package exists.,Numeric IDs are from the public 763-state baseline and must be rebound against the installed game and mod state history.
RG-105,Balkans and Danube,105,Montenegro,IW-030,1,"The package can reserve this anchor when the state is unique, the tag is not living, and the host remnant test succeeds.",Reserve the host protected state before this group. Never take a protected capital when another safe package exists.,Numeric IDs are from the public 763-state baseline and must be rebound against the installed game and mod state history.
RG-106,Balkans and Danube,106,Macedonia,IW-026,1,"The package can reserve this anchor when the state is unique, the tag is not living, and the host remnant test succeeds.",Reserve the host protected state before this group. Never take a protected capital when another safe package exists.,Numeric IDs are from the public 763-state baseline and must be rebound against the installed game and mod state history.
RG-114,Mediterranean and Iberia,114,Sardinia,IW-018,1,"The package can reserve this anchor when the state is unique, the tag is not living, and the host remnant test succeeds.",Reserve the host protected state before this group. Never take a protected capital when another safe package exists.,Numeric IDs are from the public 763-state baseline and must be rebound against the installed game and mod state history.
RG-115,Mediterranean and Iberia,115,Sicily,IW-019,1,"The package can reserve this anchor when the state is unique, the tag is not living, and the host remnant test succeeds.",Reserve the host protected state before this group. Never take a protected capital when another safe package exists.,Numeric IDs are from the public 763-state baseline and must be rebound against the installed game and mod state history.
RG-121-120-133,Northern and Western Europe,121|120|133,Lothian | Scottish Highlands | Lanark,IW-001,1,"The package can reserve this anchor when the state is unique, the tag is not living, and the host remnant test succeeds.",Reserve the host protected state before this group. Never take a protected capital when another safe package exists.,Numeric IDs are from the public 763-state baseline and must be rebound against the installed game and mod state history.
RG-122,Northern and Western Europe,122,Wales,IW-002,1,"The package can reserve this anchor when the state is unique, the tag is not living, and the host remnant test succeeds.",Reserve the host protected state before this group. Never take a protected capital when another safe package exists.,Numeric IDs are from the public 763-state baseline and must be rebound against the installed game and mod state history.
RG-123,Northern and Western Europe,123,Cornwall,IW-003,1,"The package can reserve this anchor when the state is unique, the tag is not living, and the host remnant test succeeds.",Reserve the host protected state before this group. Never take a protected capital when another safe package exists.,Numeric IDs are from the public 763-state baseline and must be rebound against the installed game and mod state history.
RG-137,Eastern Europe and western former imperial Russia,137,Crimea,IW-041,1,"The package can reserve this anchor when the state is unique, the tag is not living, and the host remnant test succeeds.",Reserve the host protected state before this group. Never take a protected capital when another safe package exists.,Numeric IDs are from the public 763-state baseline and must be rebound against the installed game and mod state history.
RG-14,Northern and Western Europe,14,Brittany,IW-004,1,"The package can reserve this anchor when the state is unique, the tag is not living, and the host remnant test succeeds.",Reserve the host protected state before this group. Never take a protected capital when another safe package exists.,Numeric IDs are from the public 763-state baseline and must be rebound against the installed game and mod state history.
RG-146,Eastern Europe and western former imperial Russia,146,Karjala,IW-033,1,"The package can reserve this anchor when the state is unique, the tag is not living, and the host remnant test succeeds.",Reserve the host protected state before this group. Never take a protected capital when another safe package exists.,Numeric IDs are from the public 763-state baseline and must be rebound against the installed game and mod state history.
RG-160,Mediterranean and Iberia,160,Veneto,IW-020,1,"The package can reserve this anchor when the state is unique, the tag is not living, and the host remnant test succeeds.",Reserve the host protected state before this group. Never take a protected capital when another safe package exists.,Numeric IDs are from the public 763-state baseline and must be rebound against the installed game and mod state history.
RG-165,Mediterranean and Iberia,165,Catalonia,IW-014,1,"The package can reserve this anchor when the state is unique, the tag is not living, and the host remnant test succeeds.",Reserve the host protected state before this group. Never take a protected capital when another safe package exists.,Numeric IDs are from the public 763-state baseline and must be rebound against the installed game and mod state history.
RG-171,Mediterranean and Iberia,171,Galicia,IW-015,1,"The package can reserve this anchor when the state is unique, the tag is not living, and the host remnant test succeeds.",Reserve the host protected state before this group. Never take a protected capital when another safe package exists.,Numeric IDs are from the public 763-state baseline and must be rebound against the installed game and mod state history.
RG-172,Mediterranean and Iberia,172,"Navarre, used as the compact Basque anchor in the baseline",IW-013,1,"The package can reserve this anchor when the state is unique, the tag is not living, and the host remnant test succeeds.",Reserve the host protected state before this group. Never take a protected capital when another safe package exists.,Numeric IDs are from the public 763-state baseline and must be rebound against the installed game and mod state history.
RG-184,Balkans and Danube,184,Thrace,IW-027,1,"The package can reserve this anchor when the state is unique, the tag is not living, and the host remnant test succeeds.",Reserve the host protected state before this group. Never take a protected capital when another safe package exists.,Numeric IDs are from the public 763-state baseline and must be rebound against the installed game and mod state history.
RG-185,Balkans and Danube,185,Epirus,IW-028,1,"The package can reserve this anchor when the state is unique, the tag is not living, and the host remnant test succeeds.",Reserve the host protected state before this group. Never take a protected capital when another safe package exists.,Numeric IDs are from the public 763-state baseline and must be rebound against the installed game and mod state history.
RG-22,Mediterranean and Iberia,22,"Languedoc, used as the compact Occitan anchor",IW-016,1,"The package can reserve this anchor when the state is unique, the tag is not living, and the host remnant test succeeds.",Reserve the host protected state before this group. Never take a protected capital when another safe package exists.,Numeric IDs are from the public 763-state baseline and must be rebound against the installed game and mod state history.
RG-229,"Caucasus, Anatolia, and Mesopotamia",229,Azerbaijan,IW-072,1,"The package can reserve this anchor when the state is unique, the tag is not living, and the host remnant test succeeds.",Reserve the host protected state before this group. Never take a protected capital when another safe package exists.,Numeric IDs are from the public 763-state baseline and must be rebound against the installed game and mod state history.
RG-230,"Caucasus, Anatolia, and Mesopotamia",230,Armenia,IW-070,1,"The package can reserve this anchor when the state is unique, the tag is not living, and the host remnant test succeeds.",Reserve the host protected state before this group. Never take a protected capital when another safe package exists.,Numeric IDs are from the public 763-state baseline and must be rebound against the installed game and mod state history.
RG-231,"Caucasus, Anatolia, and Mesopotamia",231,Georgia,IW-071,1,"The package can reserve this anchor when the state is unique, the tag is not living, and the host remnant test succeeds.",Reserve the host protected state before this group. Never take a protected capital when another safe package exists.,Numeric IDs are from the public 763-state baseline and must be rebound against the installed game and mod state history.
RG-232,"Caucasus, Anatolia, and Mesopotamia",232,Grozny,IW-065,1,"The package can reserve this anchor when the state is unique, the tag is not living, and the host remnant test succeeds.",Reserve the host protected state before this group. Never take a protected capital when another safe package exists.,Numeric IDs are from the public 763-state baseline and must be rebound against the installed game and mod state history.
RG-234,"Caucasus, Anatolia, and Mesopotamia",234,"Krasnodar, only with a distinct northwest Caucasus split",IW-064,1,"The package can reserve this anchor when the state is unique, the tag is not living, and the host remnant test succeeds.",Reserve the host protected state before this group. Never take a protected capital when another safe package exists.,Numeric IDs are from the public 763-state baseline and must be rebound against the installed game and mod state history.
RG-294,Levant and Arabia,294,"Oman, with a distinct interior imamate state required",IW-078,1,"The package can reserve this anchor when the state is unique, the tag is not living, and the host remnant test succeeds.",Reserve the host protected state before this group. Never take a protected capital when another safe package exists.,Numeric IDs are from the public 763-state baseline and must be rebound against the installed game and mod state history.
RG-331,Americas and Caribbean,331,Newfoundland,IW-182,1,"The package can reserve this anchor when the state is unique, the tag is not living, and the host remnant test succeeds.",Reserve the host protected state before this group. Never take a protected capital when another safe package exists.,Numeric IDs are from the public 763-state baseline and must be rebound against the installed game and mod state history.
RG-34,Northern and Western Europe,34,Wallonie,IW-006,1,"The package can reserve this anchor when the state is unique, the tag is not living, and the host remnant test succeeds.",Reserve the host protected state before this group. Never take a protected capital when another safe package exists.,Numeric IDs are from the public 763-state baseline and must be rebound against the installed game and mod state history.
RG-36,Northern and Western Europe,36,Friesland,IW-007,1,"The package can reserve this anchor when the state is unique, the tag is not living, and the host remnant test succeeds.",Reserve the host protected state before this group. Never take a protected capital when another safe package exists.,Numeric IDs are from the public 763-state baseline and must be rebound against the installed game and mod state history.
RG-375,Americas and Caribbean,375,Texas,IW-185,1,"The package can reserve this anchor when the state is unique, the tag is not living, and the host remnant test succeeds.",Reserve the host protected state before this group. Never take a protected capital when another safe package exists.,Numeric IDs are from the public 763-state baseline and must be rebound against the installed game and mod state history.
RG-378,Americas and Caribbean,378,California,IW-184,1,"The package can reserve this anchor when the state is unique, the tag is not living, and the host remnant test succeeds.",Reserve the host protected state before this group. Never take a protected capital when another safe package exists.,Numeric IDs are from the public 763-state baseline and must be rebound against the installed game and mod state history.
RG-397,"Volga, Urals, Siberia, and Far East",397,Syktyvkar,IW-050,1,"The package can reserve this anchor when the state is unique, the tag is not living, and the host remnant test succeeds.",Reserve the host protected state before this group. Never take a protected capital when another safe package exists.,Numeric IDs are from the public 763-state baseline and must be rebound against the installed game and mod state history.
RG-399,"Volga, Urals, Siberia, and Far East",399,Izhevsk,IW-048,1,"The package can reserve this anchor when the state is unique, the tag is not living, and the host remnant test succeeds.",Reserve the host protected state before this group. Never take a protected capital when another safe package exists.,Numeric IDs are from the public 763-state baseline and must be rebound against the installed game and mod state history.
RG-408-409,"Volga, Urals, Siberia, and Far East",408|409,Vladivostok | Khabarovsk,IW-057,1,"The package can reserve this anchor when the state is unique, the tag is not living, and the host remnant test succeeds.",Reserve the host protected state before this group. Never take a protected capital when another safe package exists.,Numeric IDs are from the public 763-state baseline and must be rebound against the installed game and mod state history.
RG-413,"Caucasus, Anatolia, and Mesopotamia",413,Khuzestan,IW-062,1,"The package can reserve this anchor when the state is unique, the tag is not living, and the host remnant test succeeds.",Reserve the host protected state before this group. Never take a protected capital when another safe package exists.,Numeric IDs are from the public 763-state baseline and must be rebound against the installed game and mod state history.
RG-443,South Asia and Himalaya,443,Sind,IW-136,1,"The package can reserve this anchor when the state is unique, the tag is not living, and the host remnant test succeeds.",Reserve the host protected state before this group. Never take a protected capital when another safe package exists.,Numeric IDs are from the public 763-state baseline and must be rebound against the installed game and mod state history.
RG-466,Americas and Caribbean,466,Quebec,IW-180,1,"The package can reserve this anchor when the state is unique, the tag is not living, and the host remnant test succeeds.",Reserve the host protected state before this group. Never take a protected capital when another safe package exists.,Numeric IDs are from the public 763-state baseline and must be rebound against the installed game and mod state history.
RG-52-53-54,Northern and Western Europe,52|53|54,Oberbayern | Niederbayern | Franken,IW-009,1,"The package can reserve this anchor when the state is unique, the tag is not living, and the host remnant test succeeds.",Reserve the host protected state before this group. Never take a protected capital when another safe package exists.,Numeric IDs are from the public 763-state baseline and must be rebound against the installed game and mod state history.
RG-526,"Southeast Asia, East Asia, and Oceania",526,Okinawa,IW-171,1,"The package can reserve this anchor when the state is unique, the tag is not living, and the host remnant test succeeds.",Reserve the host protected state before this group. Never take a protected capital when another safe package exists.,Numeric IDs are from the public 763-state baseline and must be rebound against the installed game and mod state history.
RG-543,Southern Africa and Indian Ocean,543,Madagascar,IW-130,1,"The package can reserve this anchor when the state is unique, the tag is not living, and the host remnant test succeeds.",Reserve the host protected state before this group. Never take a protected capital when another safe package exists.,Numeric IDs are from the public 763-state baseline and must be rebound against the installed game and mod state history.
RG-546,"East Africa, Horn, and Great Lakes",546,"Tanganyika, with a Kilwa coastal substate required",IW-117,1,"The package can reserve this anchor when the state is unique, the tag is not living, and the host remnant test succeeds.",Reserve the host protected state before this group. Never take a protected capital when another safe package exists.,Numeric IDs are from the public 763-state baseline and must be rebound against the installed game and mod state history.
RG-546-547,"East Africa, Horn, and Great Lakes",546|547,"Tanganyika | Kenya, only after a named local Maasai section is selected",IW-118,1,"The package can reserve this anchor when the state is unique, the tag is not living, and the host remnant test succeeds.",Reserve the host protected state before this group. Never take a protected capital when another safe package exists.,Numeric IDs are from the public 763-state baseline and must be rebound against the installed game and mod state history.
RG-549,North Africa and Sahara,549,"Sudan, with a distinct Darfur state required",IW-089,1,"The package can reserve this anchor when the state is unique, the tag is not living, and the host remnant test succeeds.",Reserve the host protected state before this group. Never take a protected capital when another safe package exists.,Numeric IDs are from the public 763-state baseline and must be rebound against the installed game and mod state history.
RG-564,"Volga, Urals, Siberia, and Far East",564,Ulan Ude,IW-052,1,"The package can reserve this anchor when the state is unique, the tag is not living, and the host remnant test succeeds.",Reserve the host protected state before this group. Never take a protected capital when another safe package exists.,Numeric IDs are from the public 763-state baseline and must be rebound against the installed game and mod state history.
RG-574,"Volga, Urals, Siberia, and Far East",574,Yakutsk,IW-051,1,"The package can reserve this anchor when the state is unique, the tag is not living, and the host remnant test succeeds.",Reserve the host protected state before this group. Never take a protected capital when another safe package exists.,Numeric IDs are from the public 763-state baseline and must be rebound against the installed game and mod state history.
RG-579,"Volga, Urals, Siberia, and Far East",579,"Salekhard, used only when a distinct Nenets or Yamalo-Nenets package exists",IW-055,1,"The package can reserve this anchor when the state is unique, the tag is not living, and the host remnant test succeeds.",Reserve the host protected state before this group. Never take a protected capital when another safe package exists.,Numeric IDs are from the public 763-state baseline and must be rebound against the installed game and mod state history.
RG-6,Northern and Western Europe,6,Vlaanderen,IW-005,1,"The package can reserve this anchor when the state is unique, the tag is not living, and the host remnant test succeeds.",Reserve the host protected state before this group. Never take a protected capital when another safe package exists.,Numeric IDs are from the public 763-state baseline and must be rebound against the installed game and mod state history.
RG-629,"Southeast Asia, East Asia, and Oceania",629,Hawaii,IW-173,1,"The package can reserve this anchor when the state is unique, the tag is not living, and the host remnant test succeeds.",Reserve the host protected state before this group. Never take a protected capital when another safe package exists.,Numeric IDs are from the public 763-state baseline and must be rebound against the installed game and mod state history.
RG-651,"Volga, Urals, Siberia, and Far East",651,Ufa,IW-045,1,"The package can reserve this anchor when the state is unique, the tag is not living, and the host remnant test succeeds.",Reserve the host protected state before this group. Never take a protected capital when another safe package exists.,Numeric IDs are from the public 763-state baseline and must be rebound against the installed game and mod state history.
RG-654-40,"Volga, Urals, Siberia, and Far East",654|40,Gorno-Altaysk | Barnaul,IW-053,1,"The package can reserve this anchor when the state is unique, the tag is not living, and the host remnant test succeeds.",Reserve the host protected state before this group. Never take a protected capital when another safe package exists.,Numeric IDs are from the public 763-state baseline and must be rebound against the installed game and mod state history.
RG-661,North Africa and Sahara,661,Tripolitania,IW-086,1,"The package can reserve this anchor when the state is unique, the tag is not living, and the host remnant test succeeds.",Reserve the host protected state before this group. Never take a protected capital when another safe package exists.,Numeric IDs are from the public 763-state baseline and must be rebound against the installed game and mod state history.
RG-663,North Africa and Sahara,663,Cyrenaica,IW-085,1,"The package can reserve this anchor when the state is unique, the tag is not living, and the host remnant test succeeds.",Reserve the host protected state before this group. Never take a protected capital when another safe package exists.,Numeric IDs are from the public 763-state baseline and must be rebound against the installed game and mod state history.
RG-689-691-692-694,Americas and Caribbean,689|691|692|694,"Jamaica | Trinidad | Windward | French Caribbean, formable by member consent",IW-196,1,"The package can reserve this anchor when the state is unique, the tag is not living, and the host remnant test succeeds.",Reserve the host protected state before this group. Never take a protected capital when another safe package exists.,Numeric IDs are from the public 763-state baseline and must be rebound against the installed game and mod state history.
RG-707,Southern Africa and Indian Ocean,707,Mauritius,IW-132,1,"The package can reserve this anchor when the state is unique, the tag is not living, and the host remnant test succeeds.",Reserve the host protected state before this group. Never take a protected capital when another safe package exists.,Numeric IDs are from the public 763-state baseline and must be rebound against the installed game and mod state history.
RG-708,Southern Africa and Indian Ocean,708,Comoro Islands,IW-131,1,"The package can reserve this anchor when the state is unique, the tag is not living, and the host remnant test succeeds.",Reserve the host protected state before this group. Never take a protected capital when another safe package exists.,Numeric IDs are from the public 763-state baseline and must be rebound against the installed game and mod state history.
RG-73,Eastern Europe and western former imperial Russia,73,Carpathian Ruthenia,IW-038,1,"The package can reserve this anchor when the state is unique, the tag is not living, and the host remnant test succeeds.",Reserve the host protected state before this group. Never take a protected capital when another safe package exists.,Numeric IDs are from the public 763-state baseline and must be rebound against the installed game and mod state history.
RG-91-89,Eastern Europe and western former imperial Russia,91|89,Lwow | Stanislawow,IW-042,1,"The package can reserve this anchor when the state is unique, the tag is not living, and the host remnant test succeeds.",Reserve the host protected state before this group. Never take a protected capital when another safe package exists.,Numeric IDs are from the public 763-state baseline and must be rebound against the installed game and mod state history.
RG-94,Eastern Europe and western former imperial Russia,94,Polesie,IW-037,1,"The package can reserve this anchor when the state is unique, the tag is not living, and the host remnant test succeeds.",Reserve the host protected state before this group. Never take a protected capital when another safe package exists.,Numeric IDs are from the public 763-state baseline and must be rebound against the installed game and mod state history.
RG-ACADIA,Americas and Caribbean,,"New Brunswick or Nova Scotia map group, current-map state required",IW-181,1,"The package can reserve this anchor when the state is unique, the tag is not living, and the host remnant test succeeds.",Reserve the host protected state before this group. Never take a protected capital when another safe package exists.,Numeric IDs are from the public 763-state baseline and must be rebound against the installed game and mod state history.
RG-ADRIATIC-TRIESTE-DALMATIA,Mediterranean and Iberia,736 | 103|163,"Istria, with Trieste as the required capital location || Dalmatia | Zara",IW-021 | IW-022,1,"At most one automatic package from this group can reserve the same coarse state in one wave. Additional identities require a current-map substate, negotiated formable, later secession, or scenario variant.",Reserve the host protected state before this group. Never take a protected capital when another safe package exists.,Numeric IDs are from the public 763-state baseline and must be rebound against the installed game and mod state history.
RG-AMAZON-MAROON-SPECIFIC,Americas and Caribbean,494|495|496 | 689,"Ucayali | Amazonas | Pará, named river peoples required || Jamaica, or another named maroon community state selected by scenario type",IW-205 | IW-206,1,"At most one automatic package from this group can reserve the same coarse state in one wave. Additional identities require a current-map substate, negotiated formable, later secession, or scenario variant.",Reserve the host protected state before this group. Never take a protected capital when another safe package exists.,Numeric IDs are from the public 763-state baseline and must be rebound against the installed game and mod state history.
RG-ANDES-CHACO,Americas and Caribbean,302 | 492|494 | 301|688 | 306 | 688,"La Paz, with cross-border Aymara territory added through diplomacy || Arequipa | Ucayali, specific Quechua regional members first || Paraguay | Chaco Boreal || Cundinamarca || Chaco Boreal, named member peoples required",IW-198 | IW-199 | IW-200 | IW-201 | IW-202,1,"At most one automatic package from this group can reserve the same coarse state in one wave. Additional identities require a current-map substate, negotiated formable, later secession, or scenario variant.",Reserve the host protected state before this group. Never take a protected capital when another safe package exists.,Numeric IDs are from the public 763-state baseline and must be rebound against the installed game and mod state history.
RG-AOTEAROA-MAORI,"Southeast Asia, East Asia, and Oceania",284|723,"North Island | South Island, only after an iwi-led package is selected",IW-174,1,"The package can reserve this anchor when the state is unique, the tag is not living, and the host remnant test succeeds.",Reserve the host protected state before this group. Never take a protected capital when another safe package exists.,Numeric IDs are from the public 763-state baseline and must be rebound against the installed game and mod state history.
RG-ARABIA-HEJAZ-NAJD,Levant and Arabia,679 | 292,"Hejaz || Nejd, normally protected because it contains the Saudi capital || Nejd, with a Ha'il substate required",IW-073 | IW-074 | IW-075,1,"At most one automatic package from this group can reserve the same coarse state in one wave. Additional identities require a current-map substate, negotiated formable, later secession, or scenario variant.",Reserve the host protected state before this group. Never take a protected capital when another safe package exists.,Numeric IDs are from the public 763-state baseline and must be rebound against the installed game and mod state history.
RG-BAKHTIARI,"Caucasus, Anatolia, and Mesopotamia",,"Bakhtiari highland map group, current-map state required",IW-063,1,"The package can reserve this anchor when the state is unique, the tag is not living, and the host remnant test succeeds.",Reserve the host protected state before this group. Never take a protected capital when another safe package exists.,Numeric IDs are from the public 763-state baseline and must be rebound against the installed game and mod state history.
RG-BALTIC-LIVONIA,Eastern Europe and western former imperial Russia,195 | 12|191 | 190,"Leningrad, which is protected as a host capital in normal play || Vidzeme | Tartu, used only for a negotiated Livonian formable || Kurzeme",IW-034 | IW-035 | IW-036,1,"At most one automatic package from this group can reserve the same coarse state in one wave. Additional identities require a current-map substate, negotiated formable, later secession, or scenario variant.",Reserve the host protected state before this group. Never take a protected capital when another safe package exists.,Numeric IDs are from the public 763-state baseline and must be rebound against the installed game and mod state history.
RG-BENGAL-UNION,South Asia and Himalaya,430|431,"East Bengal | West Bengal, not an automatic unified release",IW-133,1,"The package can reserve this anchor when the state is unique, the tag is not living, and the host remnant test succeeds.",Reserve the host protected state before this group. Never take a protected capital when another safe package exists.,Numeric IDs are from the public 763-state baseline and must be rebound against the installed game and mod state history.
RG-BORNEO-DAYAK,"Southeast Asia, East Asia, and Oceania",334,"Kalimantan, only after a named Dayak polity is selected",IW-153,1,"The package can reserve this anchor when the state is unique, the tag is not living, and the host remnant test succeeds.",Reserve the host protected state before this group. Never take a protected capital when another safe package exists.,Numeric IDs are from the public 763-state baseline and must be rebound against the installed game and mod state history.
RG-CASCADIA-CROSS-BORDER,Americas and Caribbean,385|386|473,"Oregon | Washington | British Columbia, high-chaos formable only",IW-183,1,"The package can reserve this anchor when the state is unique, the tag is not living, and the host remnant test succeeds.",Reserve the host protected state before this group. Never take a protected capital when another safe package exists.,Numeric IDs are from the public 763-state baseline and must be rebound against the installed game and mod state history.
RG-CILICIA,"Caucasus, Anatolia, and Mesopotamia",,"Cilicia or Adana map group, current-map state required",IW-069,1,"The package can reserve this anchor when the state is unique, the tag is not living, and the host remnant test succeeds.",Reserve the host protected state before this group. Never take a protected capital when another safe package exists.,Numeric IDs are from the public 763-state baseline and must be rebound against the installed game and mod state history.
RG-CONGO-BASIN-COARSE,West and Central Africa,538 | 660,"Central Congo, with a Kongo or lower Congo substate required || Central Congo, with a Kuba substate required || Central Congo, with a Luba substate required || Central Congo, with a Lunda substate required || Equatorial Africa, with a Loango coastal substate required",IW-101 | IW-102 | IW-103 | IW-104 | IW-105,1,"At most one automatic package from this group can reserve the same coarse state in one wave. Additional identities require a current-map substate, negotiated formable, later secession, or scenario variant.",Reserve the host protected state before this group. Never take a protected capital when another safe package exists.,Numeric IDs are from the public 763-state baseline and must be rebound against the installed game and mod state history.
RG-DAGESTAN,"Caucasus, Anatolia, and Mesopotamia",,"Dagestan map group, current-map state required",IW-066,1,"The package can reserve this anchor when the state is unique, the tag is not living, and the host remnant test succeeds.",Reserve the host protected state before this group. Never take a protected capital when another safe package exists.,Numeric IDs are from the public 763-state baseline and must be rebound against the installed game and mod state history.
RG-DANUBE-BORDERLAND,Balkans and Danube,84|76 | 82 | 45 | 109,"Transylvania | North Transylvania || Banat || Vojvodina || Kosovo has no unique state in the public 763-state baseline, use a current-map Kosovo state only || Croatia, with a Slavonia substate required before automatic use",IW-023 | IW-024 | IW-025 | IW-031 | IW-032,1,"At most one automatic package from this group can reserve the same coarse state in one wave. Additional identities require a current-map substate, negotiated formable, later secession, or scenario variant.",Reserve the host protected state before this group. Never take a protected capital when another safe package exists.,Numeric IDs are from the public 763-state baseline and must be rebound against the installed game and mod state history.
RG-DON-KUBAN,Eastern Europe and western former imperial Russia,245|238 | 234,Millerovo | Volgodonsk || Krasnodar,IW-039 | IW-040,1,"At most one automatic package from this group can reserve the same coarse state in one wave. Additional identities require a current-map substate, negotiated formable, later secession, or scenario variant.",Reserve the host protected state before this group. Never take a protected capital when another safe package exists.,Numeric IDs are from the public 763-state baseline and must be rebound against the installed game and mod state history.
RG-EAST-INDONESIA,"Southeast Asia, East Asia, and Oceania",673 | 667 | 668,"Sulawesi, with a South Sulawesi substate required || Lesser Sunda Islands, with a Bali substate required || The Moluccas",IW-154 | IW-155 | IW-156,1,"At most one automatic package from this group can reserve the same coarse state in one wave. Additional identities require a current-map substate, negotiated formable, later secession, or scenario variant.",Reserve the host protected state before this group. Never take a protected capital when another safe package exists.,Numeric IDs are from the public 763-state baseline and must be rebound against the installed game and mod state history.
RG-EVENK-STATE,"Volga, Urals, Siberia, and Far East",,"Evenkia river-settlement map group, current-map state required",IW-056,1,"The package can reserve this anchor when the state is unique, the tag is not living, and the host remnant test succeeds.",Reserve the host protected state before this group. Never take a protected capital when another safe package exists.,Numeric IDs are from the public 763-state baseline and must be rebound against the installed game and mod state history.
RG-FAROE-ISLANDS,Northern and Western Europe,,No unique Faroe state in the public 763-state baseline,IW-011,1,"The package can reserve this anchor when the state is unique, the tag is not living, and the host remnant test succeeds.",Reserve the host protected state before this group. Never take a protected capital when another safe package exists.,Numeric IDs are from the public 763-state baseline and must be rebound against the installed game and mod state history.
RG-FEZZAN,North Africa and Sahara,,"Fezzan map group, current-map state required",IW-087,1,"The package can reserve this anchor when the state is unique, the tag is not living, and the host remnant test succeeds.",Reserve the host protected state before this group. Never take a protected capital when another safe package exists.,Numeric IDs are from the public 763-state baseline and must be rebound against the installed game and mod state history.
RG-GHANA-ASANTE-FANTE,West and Central Africa,274,"Ghana, with Kumasi as the required capital location || Ghana, with Cape Coast as the required capital location",IW-093 | IW-094,1,"At most one automatic package from this group can reserve the same coarse state in one wave. Additional identities require a current-map substate, negotiated formable, later secession, or scenario variant.",Reserve the host protected state before this group. Never take a protected capital when another safe package exists.,Numeric IDs are from the public 763-state baseline and must be rebound against the installed game and mod state history.
RG-GREAT-LAKES-COARSE,"East Africa, Horn, and Great Lakes",548,"Uganda, with Buganda as the required capital location || Uganda, with a Bunyoro substate required || Rwanda map group, use registered tag cores from the installed build || Burundi map group, use registered tag cores from the installed build || Uganda, with an Ankole substate required",IW-108 | IW-109 | IW-110 | IW-111 | IW-112,1,"At most one automatic package from this group can reserve the same coarse state in one wave. Additional identities require a current-map substate, negotiated formable, later secession, or scenario variant.",Reserve the host protected state before this group. Never take a protected capital when another safe package exists.,Numeric IDs are from the public 763-state baseline and must be rebound against the installed game and mod state history.
RG-HADHRAMAUT,Levant and Arabia,,"Hadhramaut map group, current-map state required",IW-076,1,"The package can reserve this anchor when the state is unique, the tag is not living, and the host remnant test succeeds.",Reserve the host protected state before this group. Never take a protected capital when another safe package exists.,Numeric IDs are from the public 763-state baseline and must be rebound against the installed game and mod state history.
RG-HOKKAIDO-AINU,"Southeast Asia, East Asia, and Oceania",536,"Hokkaido, only after a named Ainu institutional package is selected",IW-172,1,"The package can reserve this anchor when the state is unique, the tag is not living, and the host remnant test succeeds.",Reserve the host protected state before this group. Never take a protected capital when another safe package exists.,Numeric IDs are from the public 763-state baseline and must be rebound against the installed game and mod state history.
RG-HORN-HIGHLANDS-COARSE,"East Africa, Horn, and Great Lakes",268 | 269|559,"Harar map group, use registered tag cores from the installed build || French Somaliland, with an Afar or Aussa state required || British Somaliland | Somaliland, northern package only || Tigray map group, use registered tag cores from the installed build || Oromo regional map group, use one named regional package and registered tag cores",IW-113 | IW-114 | IW-115 | IW-119 | IW-120,1,"At most one automatic package from this group can reserve the same coarse state in one wave. Additional identities require a current-map substate, negotiated formable, later secession, or scenario variant.",Reserve the host protected state before this group. Never take a protected capital when another safe package exists.,Numeric IDs are from the public 763-state baseline and must be rebound against the installed game and mod state history.
RG-INNER-ASIA,"Southeast Asia, East Asia, and Oceania",617|619 | 621|746,Urumqi | Yarkand || Suiyuan | Ordos,IW-169 | IW-170,1,"At most one automatic package from this group can reserve the same coarse state in one wave. Additional identities require a current-map substate, negotiated formable, later secession, or scenario variant.",Reserve the host protected state before this group. Never take a protected capital when another safe package exists.,Numeric IDs are from the public 763-state baseline and must be rebound against the installed game and mod state history.
RG-KHAKASSIA,"Volga, Urals, Siberia, and Far East",,"Khakass or Minusinsk map group, current-map state required",IW-054,1,"The package can reserve this anchor when the state is unique, the tag is not living, and the host remnant test succeeds.",Reserve the host protected state before this group. Never take a protected capital when another safe package exists.,Numeric IDs are from the public 763-state baseline and must be rebound against the installed game and mod state history.
RG-LAOS-VIETNAM-HIGHLANDS,"Southeast Asia, East Asia, and Oceania",670 | 671 | 670|671,"Laos || Tonkin or central Vietnamese coastal map group, with a Champa substate required || Laos | Tonkin, only after a named Hmong regional package is selected",IW-166 | IW-167 | IW-168,1,"At most one automatic package from this group can reserve the same coarse state in one wave. Additional identities require a current-map substate, negotiated formable, later secession, or scenario variant.",Reserve the host protected state before this group. Never take a protected capital when another safe package exists.,Numeric IDs are from the public 763-state baseline and must be rebound against the installed game and mod state history.
RG-LAZISTAN,"Caucasus, Anatolia, and Mesopotamia",,"Lazistan or Trabzon coastal map group, current-map state required",IW-067,1,"The package can reserve this anchor when the state is unique, the tag is not living, and the host remnant test succeeds.",Reserve the host protected state before this group. Never take a protected capital when another safe package exists.,Numeric IDs are from the public 763-state baseline and must be rebound against the installed game and mod state history.
RG-LEVANT-MESOPOTAMIA-COARSE,"Caucasus, Anatolia, and Mesopotamia | Levant and Arabia",291 | 554 | 677 | 553 | 454,"Baghdad || Damascus, with a Jabal al-Druze substate required || Aleppo, with a distinct Syrian coastal state required || Lebanon || Palestine",IW-059 | IW-079 | IW-080 | IW-081 | IW-082,1,"At most one automatic package from this group can reserve the same coarse state in one wave. Additional identities require a current-map substate, negotiated formable, later secession, or scenario variant.",Reserve the host protected state before this group. Never take a protected capital when another safe package exists.,Numeric IDs are from the public 763-state baseline and must be rebound against the installed game and mod state history.
RG-LURISTAN,"Caucasus, Anatolia, and Mesopotamia",,"Luristan map group, current-map state required",IW-061,1,"The package can reserve this anchor when the state is unique, the tag is not living, and the host remnant test succeeds.",Reserve the host protected state before this group. Never take a protected capital when another safe package exists.,Numeric IDs are from the public 763-state baseline and must be rebound against the installed game and mod state history.
RG-MAGHREB-MOUNTAIN,North Africa and Sahara,460 | 462,"Rif map group, use the registered tag core set in the installed build || Constantine, with a Kabyle mountain substate required || Marrakech, only after a named Atlas community package is selected",IW-083 | IW-084 | IW-092,1,"At most one automatic package from this group can reserve the same coarse state in one wave. Additional identities require a current-map substate, negotiated formable, later secession, or scenario variant.",Reserve the host protected state before this group. Never take a protected capital when another safe package exists.,Numeric IDs are from the public 763-state baseline and must be rebound against the installed game and mod state history.
RG-MAHRA,Levant and Arabia,,"Mahra map group, current-map state required",IW-077,1,"The package can reserve this anchor when the state is unique, the tag is not living, and the host remnant test succeeds.",Reserve the host protected state before this group. Never take a protected capital when another safe package exists.,Numeric IDs are from the public 763-state baseline and must be rebound against the installed game and mod state history.
RG-MAINLAND-SE-ASIA-COARSE,"Southeast Asia, East Asia, and Oceania",640 | 288,"Pattani or southern Siam map group, current-map state required || Mandalay or Shan States map group, current-map state required || Burma, with a named Karen district package required || Burma, with a Lower Burma or Mon substate required || Mandalay or Kachin highland map group, current-map state required || Burma, with a named Chin district package required || Burma, with an Arakan or Rakhine coastal substate required || Shan States map group, with a Wa substate required",IW-158 | IW-159 | IW-160 | IW-161 | IW-162 | IW-163 | IW-164 | IW-165,1,"At most one automatic package from this group can reserve the same coarse state in one wave. Additional identities require a current-map substate, negotiated formable, later secession, or scenario variant.",Reserve the host protected state before this group. Never take a protected capital when another safe package exists.,Numeric IDs are from the public 763-state baseline and must be rebound against the installed game and mod state history.
RG-MESOAMERICA-CARIBBEAN-COARSE,Americas and Caribbean,474|475 | 474 | 476,"Yucatan | Chiapas, specific Maya member packages first || Yucatan || Oaxaca, negotiated Zapotec and Mixtec federation only || Mosquito Coast map group, use registered tag cores from the installed build || Named Garifuna coastal community map package, current-map substate required",IW-191 | IW-192 | IW-193 | IW-194 | IW-195,1,"At most one automatic package from this group can reserve the same coarse state in one wave. Additional identities require a current-map substate, negotiated formable, later secession, or scenario variant.",Reserve the host protected state before this group. Never take a protected capital when another safe package exists.,Numeric IDs are from the public 763-state baseline and must be rebound against the installed game and mod state history.
RG-MIDDLE-VOLGA-KAZAN,"Volga, Urals, Siberia, and Far East",249|256 | 249 | 256,"Kazan | Cheboksary || Kazan || Cheboksary || Cheboksary, only if a distinct Mari substate exists in the installed map",IW-043 | IW-044 | IW-046 | IW-047,1,"At most one automatic package from this group can reserve the same coarse state in one wave. Additional identities require a current-map substate, negotiated formable, later secession, or scenario variant.",Reserve the host protected state before this group. Never take a protected capital when another safe package exists.,Numeric IDs are from the public 763-state baseline and must be rebound against the installed game and mod state history.
RG-MORDOVIA,"Volga, Urals, Siberia, and Far East",,"Mordovia or Penza map group, current-map split required",IW-049,1,"The package can reserve this anchor when the state is unique, the tag is not living, and the host remnant test succeeds.",Reserve the host protected state before this group. Never take a protected capital when another safe package exists.,Numeric IDs are from the public 763-state baseline and must be rebound against the installed game and mod state history.
RG-NEW-GUINEA,"Southeast Asia, East Asia, and Oceania",669 | 523,"West Papua, only after a named people and district package is selected || Papua, only after a named people and district package is selected",IW-157 | IW-178,1,"At most one automatic package from this group can reserve the same coarse state in one wave. Additional identities require a current-map substate, negotiated formable, later secession, or scenario variant.",Reserve the host protected state before this group. Never take a protected capital when another safe package exists.,Numeric IDs are from the public 763-state baseline and must be rebound against the installed game and mod state history.
RG-NIGERIA-COARSE,West and Central Africa,556 | 558,"French West Africa, with an Abomey or Dahomey state required || Nigeria, with Benin City as the required capital location || Nigeria, with Oyo or Ibadan as the required capital location || Nigeria, with Sokoto as the required capital location || Nigeria or Lake Chad map group, with a Bornu state required || Nigeria, reserved for a later Hausa federal formable || Nigeria, with an Aro or southeast Nigerian substate required || Nigeria, with a southeast Nigerian or Biafran state required",IW-095 | IW-096 | IW-097 | IW-098 | IW-099 | IW-100 | IW-106 | IW-107,1,"At most one automatic package from this group can reserve the same coarse state in one wave. Additional identities require a current-map substate, negotiated formable, later secession, or scenario variant.",Reserve the host protected state before this group. Never take a protected capital when another safe package exists.,Numeric IDs are from the public 763-state baseline and must be rebound against the installed game and mod state history.
RG-NORTH-AMERICAN-INDIGENOUS-SUBSTATES,Americas and Caribbean,,"Cherokee Nation map package, current-map substate required || Haudenosaunee member-nation map package, negotiated formable only || Lakota treaty-territory map package, current-map substate required || Diné or Navajo Nation map package, current-map substate required || Named Pueblo map package, broad Pueblo federation is not automatic",IW-186 | IW-187 | IW-188 | IW-189 | IW-190,1,"At most one automatic package from this group can reserve the same coarse state in one wave. Additional identities require a current-map substate, negotiated formable, later secession, or scenario variant.",Reserve the host protected state before this group. Never take a protected capital when another safe package exists.,Numeric IDs are from the public 763-state baseline and must be rebound against the installed game and mod state history.
RG-NORTHEAST-HIMALAYA,South Asia and Himalaya,432 | 441|432,"Assam || Assam, with a named Naga highland substate required || Manipur map group, use registered tag cores from the installed build || Sikkim map group, use registered tag cores from the installed build || Himalayan state group, formable only",IW-145 | IW-146 | IW-147 | IW-148 | IW-149,1,"At most one automatic package from this group can reserve the same coarse state in one wave. Additional identities require a current-map substate, negotiated formable, later secession, or scenario variant.",Reserve the host protected state before this group. Never take a protected capital when another safe package exists.,Numeric IDs are from the public 763-state baseline and must be rebound against the installed game and mod state history.
RG-NORTHERN-MESOPOTAMIA,"Caucasus, Anatolia, and Mesopotamia",676 | 421,Mosul || Kurdistan,IW-058 | IW-060,1,"At most one automatic package from this group can reserve the same coarse state in one wave. Additional identities require a current-map substate, negotiated formable, later secession, or scenario variant.",Reserve the host protected state before this group. Never take a protected capital when another safe package exists.,Numeric IDs are from the public 763-state baseline and must be rebound against the installed game and mod state history.
RG-NORTHWEST-SOUTH-ASIA,South Asia and Himalaya,444|445 | 442 | 441,Baluchistan | Quetta || Peshawar || Kashmir,IW-137 | IW-138 | IW-139,1,"At most one automatic package from this group can reserve the same coarse state in one wave. Additional identities require a current-map substate, negotiated formable, later secession, or scenario variant.",Reserve the host protected state before this group. Never take a protected capital when another safe package exists.,Numeric IDs are from the public 763-state baseline and must be rebound against the installed game and mod state history.
RG-PACIFIC-ISLANDS,"Southeast Asia, East Asia, and Oceania",726 | 636 | 684,"Samoa || Tonga island state, current-map state required || Fiji || Caroline Islands, with additional Micronesian members added by consent",IW-175 | IW-176 | IW-177 | IW-179,1,"At most one automatic package from this group can reserve the same coarse state in one wave. Additional identities require a current-map substate, negotiated formable, later secession, or scenario variant.",Reserve the host protected state before this group. Never take a protected capital when another safe package exists.,Numeric IDs are from the public 763-state baseline and must be rebound against the installed game and mod state history.
RG-PONTUS,"Caucasus, Anatolia, and Mesopotamia",,"Pontic or Trabzon coastal map group, current-map state required",IW-068,1,"The package can reserve this anchor when the state is unique, the tag is not living, and the host remnant test succeeds.",Reserve the host protected state before this group. Never take a protected capital when another safe package exists.,Numeric IDs are from the public 763-state baseline and must be rebound against the installed game and mod state history.
RG-PUNJAB-SIKH,South Asia and Himalaya,440,"Punjab || Punjab, mutually exclusive with the broad Punjab package",IW-134 | IW-135,1,"At most one automatic package from this group can reserve the same coarse state in one wave. Additional identities require a current-map substate, negotiated formable, later secession, or scenario variant.",Reserve the host protected state before this group. Never take a protected capital when another safe package exists.,Numeric IDs are from the public 763-state baseline and must be rebound against the installed game and mod state history.
RG-RHINE-SAAR,Northern and Western Europe,51 | 42,"Rhineland || Moselland, used only as a Saar compact if a unique host remnant remains",IW-008 | IW-010,2,"This group admits exactly the IW-008/IW-010 pair when anchors 51 and 42 are both unique and each host-survival check succeeds. No third package or duplicate anchor is allowed; other identities require a current-map substate, negotiated formable, later secession, or scenario variant.",Reserve one protected remnant state for every affected host before the pair is locked. If both anchors share GER, the pair still uses the ordinary per-host protected-state selector and fails closed when no safe remnant remains.,Numeric IDs are from the public 763-state baseline and must be rebound against the installed game and mod state history.
RG-SAHARA-CONFEDERATIONS,North Africa and Sahara,514|515,"Algerian Desert | Southern Sahara, only after a named confederation package is selected || Wadai or Ouaddai map group, current-map state required || Tibesti or Toubou map group, current-map state required",IW-088 | IW-090 | IW-091,1,"At most one automatic package from this group can reserve the same coarse state in one wave. Additional identities require a current-map substate, negotiated formable, later secession, or scenario variant.",Reserve the host protected state before this group. Never take a protected capital when another safe package exists.,Numeric IDs are from the public 763-state baseline and must be rebound against the installed game and mod state history.
RG-SOUTH-INDIA,South Asia and Himalaya,427 | 425 | 425|427,"Hyderabad || Mysore || Travancore or southern Kerala map group, current-map state required || Tamil Nadu or Madras map group, use registered tag cores from the installed build || Southern Indian state group, formable only",IW-140 | IW-141 | IW-142 | IW-143 | IW-144,1,"At most one automatic package from this group can reserve the same coarse state in one wave. Additional identities require a current-map substate, negotiated formable, later secession, or scenario variant.",Reserve the host protected state before this group. Never take a protected capital when another safe package exists.,Numeric IDs are from the public 763-state baseline and must be rebound against the installed game and mod state history.
RG-SOUTHERN-AFRICA-COARSE,Southern Africa and Indian Ocean,,"Natal or Zululand map group, current-map state required || Matabeleland map group, current-map state required || Eastern Cape or Xhosa map group, current-map state required || Lesotho or Basutoland map group, current-map state required || Eswatini or Swaziland map group, current-map state required || Barotseland map group, use registered tag cores from the installed build || Herero central Namibian map group, current-map state required || Nama southern Namibian map group, current-map state required || Ovambo northern Namibian map group, current-map state required",IW-121 | IW-122 | IW-123 | IW-124 | IW-125 | IW-126 | IW-127 | IW-128 | IW-129,1,"At most one automatic package from this group can reserve the same coarse state in one wave. Additional identities require a current-map substate, negotiated formable, later secession, or scenario variant.",Reserve the host protected state before this group. Never take a protected capital when another safe package exists.,Numeric IDs are from the public 763-state baseline and must be rebound against the installed game and mod state history.
RG-SOUTHERN-CONE,Americas and Caribbean,512|507,"Araucanía or south-central Chile map group, Mapuche federation only || Patagonia | Magallanes || Patagonia | Magallanes, hidden restoration route only",IW-197 | IW-203 | IW-204,1,"At most one automatic package from this group can reserve the same coarse state in one wave. Additional identities require a current-map substate, negotiated formable, later secession, or scenario variant.",Reserve the host protected state before this group. Never take a protected capital when another safe package exists.,Numeric IDs are from the public 763-state baseline and must be rebound against the installed game and mod state history.
RG-SUMATRA,"Southeast Asia, East Asia, and Oceania",672,"Sumatra, with Banda Aceh as the required capital location || Sumatra, with a West Sumatra substate required || Sumatra, with a Riau substate required",IW-150 | IW-151 | IW-152,1,"At most one automatic package from this group can reserve the same coarse state in one wave. Additional identities require a current-map substate, negotiated formable, later secession, or scenario variant.",Reserve the host protected state before this group. Never take a protected capital when another safe package exists.,Numeric IDs are from the public 763-state baseline and must be rebound against the installed game and mod state history.
RG-ZANZIBAR,"East Africa, Horn, and Great Lakes",,"Zanzibar island state, current-map state required",IW-116,1,"The package can reserve this anchor when the state is unique, the tag is not living, and the host remnant test succeeds.",Reserve the host protected state before this group. Never take a protected capital when another safe package exists.,Numeric IDs are from the public 763-state baseline and must be rebound against the installed game and mod state history.
