frame	source	source_sha256	processed	processed_sha256
000	C:/Users/klimp/OneDrive/Documents/Paradox Interactive/Hearts of Iron IV/mod/chaos_redux/docs/assets/014_cannibalism/gui_animation_portraits/animations/cannibalism_wendigo_terminal_frame/source_frames/cannibalism_wendigo_terminal_frame_000_source.png	3f8a73799309ed77f999709df3fed32ea8a617d32a7d8ae7dada5352a8740f82	C:/Users/klimp/OneDrive/Documents/Paradox Interactive/Hearts of Iron IV/mod/chaos_redux/docs/assets/014_cannibalism/gui_animation_portraits/animations/cannibalism_wendigo_terminal_frame/processed_frames/cannibalism_wendigo_terminal_frame_000.png	919f88b3bcf341198a0ddf7c20e9b7867664e308190c636aad6aae6dbf5cf051
001	C:/Users/klimp/OneDrive/Documents/Paradox Interactive/Hearts of Iron IV/mod/chaos_redux/docs/assets/014_cannibalism/gui_animation_portraits/animations/cannibalism_wendigo_terminal_frame/source_frames/cannibalism_wendigo_terminal_frame_001_source.png	4d2f3794b6b70f1d9229619b17f08a62cbc7e5786955c64e2f578f79d9ec45a5	C:/Users/klimp/OneDrive/Documents/Paradox Interactive/Hearts of Iron IV/mod/chaos_redux/docs/assets/014_cannibalism/gui_animation_portraits/animations/cannibalism_wendigo_terminal_frame/processed_frames/cannibalism_wendigo_terminal_frame_001.png	1d3112d236d87a06194e613d5d2bc676733472947978d6bb810431dae5beae3e
002	C:/Users/klimp/OneDrive/Documents/Paradox Interactive/Hearts of Iron IV/mod/chaos_redux/docs/assets/014_cannibalism/gui_animation_portraits/animations/cannibalism_wendigo_terminal_frame/source_frames/cannibalism_wendigo_terminal_frame_002_source.png	719cfa561fcba208a1dd44fc57792f0f1149d9388b4aaa45f5873dec7b7216ad	C:/Users/klimp/OneDrive/Documents/Paradox Interactive/Hearts of Iron IV/mod/chaos_redux/docs/assets/014_cannibalism/gui_animation_portraits/animations/cannibalism_wendigo_terminal_frame/processed_frames/cannibalism_wendigo_terminal_frame_002.png	86dc3effa98cfaa4849bc5427969e21d7defb2a28efc134ee31db1ac5874c3cf
003	C:/Users/klimp/OneDrive/Documents/Paradox Interactive/Hearts of Iron IV/mod/chaos_redux/docs/assets/014_cannibalism/gui_animation_portraits/animations/cannibalism_wendigo_terminal_frame/source_frames/cannibalism_wendigo_terminal_frame_003_source.png	4ac153f62651b679ad39e416829556b14c7052036a54c371a62e40d0602735ef	C:/Users/klimp/OneDrive/Documents/Paradox Interactive/Hearts of Iron IV/mod/chaos_redux/docs/assets/014_cannibalism/gui_animation_portraits/animations/cannibalism_wendigo_terminal_frame/processed_frames/cannibalism_wendigo_terminal_frame_003.png	eef19f35ded794b947e4f26b5fcb6616b9453152aa8e91fcde0dd8b7c0b4a566
004	C:/Users/klimp/OneDrive/Documents/Paradox Interactive/Hearts of Iron IV/mod/chaos_redux/docs/assets/014_cannibalism/gui_animation_portraits/animations/cannibalism_wendigo_terminal_frame/source_frames/cannibalism_wendigo_terminal_frame_004_source.png	b63c1fe8a6994089ba2fce894e4bc58a920ca262a0e40d7c765ea4f3541d372e	C:/Users/klimp/OneDrive/Documents/Paradox Interactive/Hearts of Iron IV/mod/chaos_redux/docs/assets/014_cannibalism/gui_animation_portraits/animations/cannibalism_wendigo_terminal_frame/processed_frames/cannibalism_wendigo_terminal_frame_004.png	3b1b0abf41d9989e716f0ca5d33eeea9c7f7043136d6b99238ff30591b8236bc
005	C:/Users/klimp/OneDrive/Documents/Paradox Interactive/Hearts of Iron IV/mod/chaos_redux/docs/assets/014_cannibalism/gui_animation_portraits/animations/cannibalism_wendigo_terminal_frame/source_frames/cannibalism_wendigo_terminal_frame_005_source.png	cb797a08699e8c2d43b05d7e576207ad947624dd66296603c7360dc19c9fa17e	C:/Users/klimp/OneDrive/Documents/Paradox Interactive/Hearts of Iron IV/mod/chaos_redux/docs/assets/014_cannibalism/gui_animation_portraits/animations/cannibalism_wendigo_terminal_frame/processed_frames/cannibalism_wendigo_terminal_frame_005.png	a34869164210508c8eceda4c33c25a6a5370926524f8faa87ea1fb8af0e4f62f
006	C:/Users/klimp/OneDrive/Documents/Paradox Interactive/Hearts of Iron IV/mod/chaos_redux/docs/assets/014_cannibalism/gui_animation_portraits/animations/cannibalism_wendigo_terminal_frame/source_frames/cannibalism_wendigo_terminal_frame_006_source.png	1d57908756e6320cffd737204be6e56e48d18e0897b05ce28a2358be633180b3	C:/Users/klimp/OneDrive/Documents/Paradox Interactive/Hearts of Iron IV/mod/chaos_redux/docs/assets/014_cannibalism/gui_animation_portraits/animations/cannibalism_wendigo_terminal_frame/processed_frames/cannibalism_wendigo_terminal_frame_006.png	ca928a5cb6128a3249662f400772822bdab0b23718398cd6b25974f8eddedbee
007	C:/Users/klimp/OneDrive/Documents/Paradox Interactive/Hearts of Iron IV/mod/chaos_redux/docs/assets/014_cannibalism/gui_animation_portraits/animations/cannibalism_wendigo_terminal_frame/source_frames/cannibalism_wendigo_terminal_frame_007_source.png	4d880c64ca49845589a4a58f4498fc2a857632372b0b968bf0124b88561ddff6	C:/Users/klimp/OneDrive/Documents/Paradox Interactive/Hearts of Iron IV/mod/chaos_redux/docs/assets/014_cannibalism/gui_animation_portraits/animations/cannibalism_wendigo_terminal_frame/processed_frames/cannibalism_wendigo_terminal_frame_007.png	29c2314c83dd4ed70a7731218d8e1bcac6d4169e94b326bc4bf2a4bd67ec16dd
008	C:/Users/klimp/OneDrive/Documents/Paradox Interactive/Hearts of Iron IV/mod/chaos_redux/docs/assets/014_cannibalism/gui_animation_portraits/animations/cannibalism_wendigo_terminal_frame/source_frames/cannibalism_wendigo_terminal_frame_008_source.png	bf1053ffe578221179c4a7f61d554422c57eeb66fff7a8fd58445711f68f7b27	C:/Users/klimp/OneDrive/Documents/Paradox Interactive/Hearts of Iron IV/mod/chaos_redux/docs/assets/014_cannibalism/gui_animation_portraits/animations/cannibalism_wendigo_terminal_frame/processed_frames/cannibalism_wendigo_terminal_frame_008.png	f7763ee4e37a2d8eac4eeb7b79a29b86fc93990162947ad6cd58a272ab6dea9a
009	C:/Users/klimp/OneDrive/Documents/Paradox Interactive/Hearts of Iron IV/mod/chaos_redux/docs/assets/014_cannibalism/gui_animation_portraits/animations/cannibalism_wendigo_terminal_frame/source_frames/cannibalism_wendigo_terminal_frame_009_source.png	2de89a6cd934cfe2b3fafd2d8b945b05334ffc34aac2f29a389d8a24b4145206	C:/Users/klimp/OneDrive/Documents/Paradox Interactive/Hearts of Iron IV/mod/chaos_redux/docs/assets/014_cannibalism/gui_animation_portraits/animations/cannibalism_wendigo_terminal_frame/processed_frames/cannibalism_wendigo_terminal_frame_009.png	eeef33286cee4a1f9fa9a2197ee8d15034876b3735d9b1aaff5450438a6cd862
010	C:/Users/klimp/OneDrive/Documents/Paradox Interactive/Hearts of Iron IV/mod/chaos_redux/docs/assets/014_cannibalism/gui_animation_portraits/animations/cannibalism_wendigo_terminal_frame/source_frames/cannibalism_wendigo_terminal_frame_010_source.png	4b6b190076b0a4493fcb07b6ee71b0195eff5be1e87d3bce51acdd461f0abea2	C:/Users/klimp/OneDrive/Documents/Paradox Interactive/Hearts of Iron IV/mod/chaos_redux/docs/assets/014_cannibalism/gui_animation_portraits/animations/cannibalism_wendigo_terminal_frame/processed_frames/cannibalism_wendigo_terminal_frame_010.png	69d1352a2278631929d2096e58e2d184b08b3b307aab077126d09fe5b779563b
011	C:/Users/klimp/OneDrive/Documents/Paradox Interactive/Hearts of Iron IV/mod/chaos_redux/docs/assets/014_cannibalism/gui_animation_portraits/animations/cannibalism_wendigo_terminal_frame/source_frames/cannibalism_wendigo_terminal_frame_011_source.png	895f94d644b2ca07662a91f32444d1eb54d4e33b1a5fbeae0e45ff3c402ad4ed	C:/Users/klimp/OneDrive/Documents/Paradox Interactive/Hearts of Iron IV/mod/chaos_redux/docs/assets/014_cannibalism/gui_animation_portraits/animations/cannibalism_wendigo_terminal_frame/processed_frames/cannibalism_wendigo_terminal_frame_011.png	be862b4155be75c83d20f00fdf9e5f1fc53fdc515b2d6c326726250e8378956c
