decision_id	title	category	subject_brief	generation_note
cannibalism_unified_absorb_warlord	Absorb an Autonomous Warlord	command	Two battered 1940s command helmets crushed together inside one heavy blood-smeared iron clamp, one blank insignia plate snapping as the jaws close.	selected initial generation
cannibalism_unified_appoint_governor	Appoint a Regional Governor	command	A heavy 1940s brass administrative stamp pressing a bloody handprint into a cracked wooden district block, with one large iron key tucked behind it.	selected initial generation
cannibalism_unified_purge_rival	Purge a Resistant Rival	command	A broad bloodied butcher cleaver pinning a plain snapped wooden 1940s officer baton against a small iron block. Every metal cap is completely blank. Show only these objects. No insignia, badge, eagle, bird, crest, seal, medallion, skull, bone, lettering, or markings.	regenerated to remove an introduced insignia
cannibalism_unified_issue_continental_command	Issue a Continental Command	command	A battered 1940s field telephone handset lashed to a command whistle by blood-wet wire, forming one forceful diagonal order emblem.	selected initial generation
cannibalism_unified_command_mission	Prove the Continental Chain of Command	command	Exactly three massive iron chain links pulled taut across a dented 1940s field stopwatch with a completely blank unmarked face. The middle link is bloodied but unbroken. Show only chain and stopwatch. No dial numbers, ticks, text, symbols, skulls, bones, belts, cloth, or extra objects.	regenerated to remove marked dial detail and a skull
cannibalism_unified_centralize_larder	Centralize the Larder	larder	A padlocked wartime cold-storage crate bound by converging rail straps, its lid rim and drain stained with thick dark blood.	selected initial generation
cannibalism_unified_convert_captured_workshop	Convert a Captured Workshop	larder	A rusted industrial gear biting into a large meat hook above a blood-slick wartime anvil, unmistakably workshop machinery turned into butchery.	selected initial generation
cannibalism_unified_abandon_exhausted_frontier	Abandon an Exhausted Frontier	larder	A collapsed barbed-wire gate and broken wartime boundary post beside an overturned empty ration tin, with a receding bloody drag trail.	selected initial generation
cannibalism_unified_designate_feeding_capital	Designate a Feeding Capital	larder	A massive reinforced wartime cold-storage vault door with four thick steel rail lines converging into its blood-soaked threshold. Plain rivets and wheel only. Show only the industrial vault and rails. No skull, bone, carcass, animal head, horn, antler, trophy, emblem, seal, flag, or sacred imagery.	regenerated to remove a horned skull
